TIMESTAMP,TRANSACTION_HASH,PROPOSAL_ID,PROPOSAL_STATUES
2023-05-12T19:22:59Z,0xfcfe9041535ad656d13076a18b87d5413a3a7ef0a692eb36ca2f85a2f2f2d22b,294,Canceled_Proposal
2023-05-12T18:53:11Z,0x72d2ec6c664de95808fa2db787d27c9269629cc63c72a0a6cf773eaf726e9222,293,Canceled_Proposal
,,292,Defeated
,,291,Defeated
,,290,Defeated
,,289,Defeated
,,288,Defeated
,,287,Defeated
,,286,Defeated
,,285,Defeated
,,284,Defeated
,,283,Defeated
2023-05-13T12:52:35Z,0x7754b2a98e5f64a38ccf0e7037fa4d323b11b318b1ecebcd7d8d448f4928cada,282,Executed_Proposal
2023-05-08T17:31:59Z,0x53efb848da42cd5b06adcb9719bb37991949e80da318f45bfed2fa59c2eef810,281,Canceled_Proposal
2023-05-11T13:43:11Z,0xa067d58e9bffc720db1c3066cd2d2d6563d43b44c6e95aabc516a720aa93218d,280,Executed_Proposal
2023-05-10T08:50:35Z,0x35c65bd6501e6e4aabeabce2b11618ca77eef56efdaaecebbeb57fc02b284c3e,279,Executed_Proposal
2023-05-10T01:38:23Z,0x08bcd17d6703250b922813b54c27092338246db3b9daf4bae32b7ed2ecf012d2,278,Executed_Proposal
2023-05-09T15:42:11Z,0x271639692b82cab3e12a748d3addeb97b3f8b118d0a470625745eb6a6bb90fcf,277,Executed_Proposal
,,276,Defeated
2023-04-26T02:10:11Z,0x51c0a3ff0dc93bf1e735fd5de4401d55a0d9413e4bfd5a0fd5a3a6e4d487ef98,275,Canceled_Proposal
2023-05-08T02:25:11Z,0xddd2d1245d580ede69c610c8f6c2b67e037ee414c770b11aaf1075e53c73623b,274,Executed_Proposal
2023-05-03T03:14:47Z,0x50d80159fb04925f651553100b481e1cd622ae145b1fca7ea7946c056350de6c,273,Canceled_Proposal
2023-05-08T13:04:35Z,0xddcedcdaf579451dda06474179adad261983a6d844ac16883f8c8dec9f26a551,272,Executed_Proposal
2023-05-10T12:20:35Z,0xff92f33770159c8c4994b0779f23e722cc07d3fcc0424225463a0beb8abe0626,271,Executed_Proposal
,,270,Defeated
,,269,Defeated
2023-04-24T12:43:47Z,0x0b061fc37a81acd7ccd11e53868535e24029daaec5777f0c1dadbfbd7fa927a8,268,Executed_Proposal
2023-04-15T17:15:35Z,0xb4733e060b16a98f0c7bca6335dec09e36ab0d5259ecd397f6f27026bd396c07,267,Canceled_Proposal
,,266,Defeated
2023-04-17T01:27:59Z,0x07b0badd494e4cf6b262cc5b14fa64dcd5e75763fd7a53887b70e6aa6b5f6774,265,Canceled_Proposal
2023-04-09T05:23:23Z,0x49167156dd8d4656efae814056c73552066dcb3b4ea34e2d5bd6db596308bd10,264,Canceled_Proposal
2023-04-14T04:39:35Z,0x1c2fe93b0eae29014f65dad801cd731ecd67436ccb9d9176b9faa1d40ad814cf,263,Executed_Proposal
2023-04-12T03:59:59Z,0xd2d77a5d6494ec0206d704f6280c4d07020fe2ccff932254778315dc78ee48d0,262,Executed_Proposal
2023-04-12T04:05:59Z,0x2105ba1601f0554d468a577ab9d54e262accff0ba32c15e7db37a5791d756114,261,Executed_Proposal
,,260,Defeated
2023-04-10T12:56:11Z,0xa18318cd53d5ad861cc11d935cc62c61c8ba8762b44e53758909e73fc25e752f,259,Executed_Proposal
,,258,Defeated
2023-04-03T18:34:59Z,0x48c850bc18bc6aaabc0f2106a78623c822bd7b45f6aad8cc5ebe32a9958b5bdb,257,Executed_Proposal
2023-04-01T19:43:35Z,0x657da42778467e303364845b27d760f95f4dfe7792be030c79e405c06a590ebd,256,Executed_Proposal
,,255,Defeated
2023-03-28T23:02:59Z,0x4fdf9cddd8d79f3eabc5aad33cdbeb8db5712180e87dfc0fd5815b34eb50ea40,254,Executed_Proposal
2023-03-29T18:52:59Z,0x1d71687de6f269e50c996ebf74d8af313d0cf69adb9fee00cd042afb33050206,253,Executed_Proposal
2023-03-23T14:50:59Z,0x388bd37e5236a8b512087ad403c12105de25f990bfb83a0ffffa6d3f7f89aaf2,252,Canceled_Proposal
2023-03-28T14:46:11Z,0xa70465e521f1eb00d7aefe93eb51326a59c4eb0a897279c46b40beb50c1ee4a6,251,Executed_Proposal
2023-03-29T02:22:35Z,0x7112833667074349311b7a7f5d03ebd2282d415842d7e3054fadc4725360a27e,250,Executed_Proposal
2023-03-21T12:57:59Z,0x84b028144055b1bb8f8c72b14b940fba98a96079a2b0005d680c95944fb809ac,249,Executed_Proposal
,,248,Defeated
2023-03-08T18:06:47Z,0xf1e0b6398763ab9b5e5339812f7ae6de32b6d56585b6f090bbcc46985a860b05,247,Canceled_Proposal
2023-03-07T16:10:47Z,0x4b90b8a65952de5da67dddb05e48939fbe2f7389bec65a78dc098f18cc283d98,246,Canceled_Proposal
2023-03-13T19:04:11Z,0x90adc79f076b6f796e273132ac01ff4b5e75179bb06bf2472319cc864a0436f9,245,Executed_Proposal
2023-03-13T03:16:59Z,0x3170c8a51630c441fff51ea0c7f4a18362c484048c6ca68e53a4befb5bdbd1d8,244,Executed_Proposal
2023-02-28T22:52:59Z,0xe676d99b3cf863216db7d8ae8f355940afdb10664bedefbc9eafb500feed2b47,243,Canceled_Proposal
2023-03-12T16:57:35Z,0x517fb51d903669c51d940ca1f2407fad03fb899a303783156b744c323b73417a,242,Executed_Proposal
,,241,Defeated
,,240,Defeated
2023-02-22T12:33:11Z,0x7d308a3e97f92de5e5c40b378bb3c97cce11e8ac7d8803ec57a4161b393eca9b,239,Canceled_Proposal
,,238,Defeated
2023-02-21T16:50:23Z,0xe98f789df96f27a4085b6687b7cd3010f7a636471a87d5f50bd484d4c12e2b0e,237,Executed_Proposal
2023-02-20T22:43:47Z,0xa26c948d71a16ca83f5a7a499bbb1f9f997c1d6084cecbb03c7204a282b48f27,236,Executed_Proposal
2023-02-08T22:10:23Z,0xf76c2d409b3ac73269697df7f8dd9bbf3188fb4c9f82d2f81ea7965cad9efcf8,235,Canceled_Proposal
2023-02-07T22:15:11Z,0x017be0f2f4cebe5db6a8fdfb0962185bf66f9fdeccf76c7c4d6d50714500e33c,234,Canceled_Proposal
2023-02-20T15:49:59Z,0x0d0378d64756490b205ebf57ab8dbcbeec9eb6c6d3b9a7d221d32fe8d813a907,233,Executed_Proposal
,,232,Defeated
2023-02-19T23:17:59Z,0x7859ca9bd212bae45747e186ac15322f0d4994561adab5a9e5180d4a3fdeecf9,231,Executed_Proposal
2023-02-06T20:58:47Z,0x1d870bce66782dacdd761b99233e0189268cf95ab24dbc2ca9bf75c756a55ebb,230,Canceled_Proposal
2023-02-17T21:12:47Z,0xca4939fbc57021cf81db85f5908a799d28bb79e61a1ecc8b9300df9558363807,229,Executed_Proposal
2023-02-17T14:56:23Z,0x39de8db6eab6e242a92f17f2b7100315508af8d5ba5644ff795840505cf1b01a,228,Executed_Proposal
2023-02-14T23:46:47Z,0xaf7d625637a8e5bdf2d386cfeb90c6fdc6bd1fa4fab0989b67da29ea65e3d258,227,Executed_Proposal
2023-02-14T22:07:23Z,0xe6fc79fd360fef11ff2eaa2dcc57fb62c8bef063de6fda43186fb72c34b2114a,226,Executed_Proposal
,,225,Defeated
2023-02-14T13:06:47Z,0xb98a5f9a7921008311cb00b28420be2d4b29364579abb02f91adbefd85d2b929,224,Executed_Proposal
,,223,Defeated
,,222,Defeated
,,221,Defeated
2023-01-31T00:59:23Z,0x922a668b381aee6bdba32a212cac184698e95327a0efaad65fb1ad3110bb9ae6,220,Canceled_Proposal
2023-02-06T14:14:35Z,0xd9887cc2e84223762eb96f0cd9c1316b7c497e1cb951d094d215ed9a53602551,219,Canceled_Proposal
2023-02-06T08:21:23Z,0xbb78ef7ca43c7dffe256711ad3749459b8ba31885448d89fd988979c533074da,218,Executed_Proposal
2023-02-05T12:55:59Z,0x430440138472bdbdffc6aef981d907a5a7a15f0960385257eda56cca593f379a,217,Executed_Proposal
2023-02-01T15:38:35Z,0xd8a70630286c722743321ab0949edeccea79b0fc491e04bdc815b3e2afbcfc3a,216,Executed_Proposal
2023-01-31T18:31:35Z,0x289fbe9eae7e6050b722d4a2c0c2083bba4cec863ae23cfd34adff5d402c48f6,215,Executed_Proposal
2023-01-31T02:30:47Z,0x2fa5321b6cea6340b0ee15afc97b643c250987781c033326e1e018349eb1094a,214,Executed_Proposal
2023-01-19T00:43:59Z,0x7a8d652e4967e940c321b719512a2b7270d09a989af0bf1b7f6215cf886deeec,213,Canceled_Proposal
2023-01-21T16:47:35Z,0xd36fd63d7bba064e063f42909962e8a29b983c95ec702d032fb85f411fe25cef,212,Canceled_Proposal
2023-01-30T16:31:35Z,0x17b0222c71b41a355e555feb55be626d20aa36c56687385d019b6515281b7c3a,211,Executed_Proposal
210,,210,Defeated
2023-01-27T17:20:23Z,0xd59f5e5c3b2f9fcfa4d41ac8b1ae806bfa3e26baf33f5c504fad6ea96b2964a5,209,Executed_Proposal
2023-01-27T17:30:23Z,0x9ade42e3dd3e4b22a42b93e45a2071328b79024e811b46abff85053c665e33d0,208,Executed_Proposal
2023-01-25T20:47:23Z,0xac956fef5a70b37fbcdfd92e08e4c99e7f216cf1ef838cf8a9472d708ce1b906,207,Executed_Proposal
2023-01-23T16:04:47Z,0x93153312700b8f1cfe41f9a98b880d77221dbcbf75292da3cb46f45edb6f5077,206,Executed_Proposal
2023-01-24T00:05:11Z,0xfcf3f21d601e47b8ef243564978b87b83f2a402654a670e2e4ed3843d48b8211,205,Executed_Proposal
2,,204,Defeated
,,203,Defeated
,,202,Defeated
2023-01-14T22:36:47Z,0x1d1162ae9562adfb739ec8e3963d2b16464170da8a583e51da74fb90c9f19120,201,Executed_Proposal
,,200,Defeated
2023-01-11T15:01:11Z,0x0aad9f62a52ed06df661ee01a75d085ec43d9e29e7c8052157abc62854fd84bd,199,Executed_Proposal
1,,198,Defeated
2023-01-01T11:03:59Z,0xf9d87517c458513cac09714acac624cb7b00495def0d9c01e6c2386fa6b8bcdf,197,Executed_Proposal
2022-12-26T03:39:23Z,0xae686f1f2f783e0c62f75303cf6c3dab1abf9d48b57ba67c54b46ecf22c88347,196,Canceled_Proposal
2022-12-29T18:03:11Z,0xf5dc2092162e0cd82b379a6292690d4efa8a521bfd68783035b04a47fe0d6726,195,Executed_Proposal
2022-12-26T23:27:11Z,0x88f2b0eaa8d19891613d0d5757442a045feddf9408822cfabf316d62d308dca2,194,Executed_Proposal
2022-12-25T23:24:59Z,0x1b3dc7d460a3b0380719f634939fc5cee862f947fd9dcf6f87956cb4043eab8c,193,Executed_Proposal
2022-12-25T21:27:35Z,0xb4a9e500b959f7c50d295227a296336d33d12e17cbdebd72256b394c92c06625,192,Executed_Proposal
,,191,Defeated
2022-12-25T03:03:23Z,0x5e0ca83040ad06c4aab31bfd3c91ee8eb487842ebf9b5fcd29cc4959d5c9065a,190,Executed_Proposal
,,189,Defeated
,,188,Defeated
,,187,Defeated
2022-12-14T05:22:35Z,0xf6204d337a75438d77fa3d61d8d6591c0a8949f0dc42c8eeee63b8046c6ad11d,186,Canceled_Proposal
2022-12-18T00:41:11Z,0xc50b6b0d1113e4fff3af4c1f466ff9a45c6c9fed0edd6f7cbae46b556790e693,185,Executed_Proposal
2022-12-17T19:14:59Z,0x136bd9642d2d8624e77c18dbc8ba63f407bb5558075feadb899a71d346687243,184,Executed_Proposal
2022-12-16T22:55:59Z,0x062b76da19dea18a0c32d7ba04bb9fbb30f24b315531977d602bcc3c377893c8,183,Executed_Proposal
2022-12-16T14:11:59Z,0x7458f2e09ac839a06f07dd69678602df11d685054a57f6c3d6872e1a461c9753,182,Executed_Proposal
2022-12-13T23:28:11Z,0xb0d919d0e0869b36f39edb76ecb27c6994f8a6ec0f2a171baf0feb1c5d75cca7,181,Executed_Proposal
2022-12-13T17:41:23Z,0xfb07c204e51c0771c14eb63c1e71e1653a1be4cbd4e15818c809a419f972d1f0,180,Executed_Proposal
2022-12-12T16:59:11Z,0xd8e59d0e2ab2a7ad324e911bc1863ff8ea4934f8e4ce44d47e57d1e5b8c6bce7,179,Executed_Proposal
2022-12-12T05:03:11Z,0xf336dcffbe744abf1b5c38873a1a177c420de768e29f399f930150595e3aafd7,178,Executed_Proposal
2022-12-08T09:32:35Z,0xd77c47a5cfeefd968aa9018e12321d5107156d02a57159a8184a72a0a6faf5cd,177,Canceled_Proposal
2022-12-03T15:12:59Z,0x6e692a1e4fafaff63e739124216ec27048a0cea6ea348fcb9b3693fe9ae81821,176,Executed_Proposal
,,175,Defeated
2022-11-30T21:45:23Z,0x10641ca4d1adc8303b2940faf3125b58ac35f93f0415b31e53885ac8f6cb471c,174,Executed_Proposal
2022-11-26T19:32:59Z,0x8f117a415dbdb27d5d8534fe173fdade123505697b72f3faefe59a05d9e7df5c,173,Executed_Proposal
2022-11-27T01:10:47Z,0x99f9d4303adaa23fd230501d9cbcb41e5429d4a5164588eac27e3d5dfe62f116,172,Executed_Proposal
2022-11-24T14:57:23Z,0x09eb8d0e2e2ec945b92c2418027caa588624ab4342106587a3f5fefe53f0120c,171,Executed_Proposal
2022-11-22T23:54:47Z,0xfea1bfa9fcb726d4be52bf84c2871c767e09fafa53645954f55ccfe341a8a3cc,170,Executed_Proposal
2022-11-19T15:17:11Z,0x8b93cefa10636378a347086360e8d6d23c22803e8152092f9714c3a7b7913e3d,169,Executed_Proposal
,,168,Defeated
2022-11-10T22:44:35Z,0xda4e4f43c3ed687f5da03b38658d807f143b7f37e75a8974fc6c75d37c6f542b,167,Executed_Proposal
2022-11-07T17:58:59Z,0xe24ca98194612866ff0fcc810809ca9ab68b6d447e164486bfa1013d86552723,166,Executed_Proposal
,,165,Defeated
2022-11-02T16:05:23Z,0xacb49ac23c58ce93ee48e17336243e5aba3c512d6f1a30d32fa4973206ad8ffa,164,Executed_Proposal
2022-10-31T13:44:47Z,0x513c73ff09c5a6d1f1bb30458930c21b998cf01a0272b1b307516600ab200f9d,163,Executed_Proposal
2022-10-30T01:03:23Z,0x3ba7c9e4c8dfd4c3faf1dc1ec29f9802a11787d92d70ddf0883424c196d818ee,162,Executed_Proposal
2022-10-28T14:11:47Z,0x864087c37639b05edfcb76eb21511012d909f3e950095a62e9a6bbd3df54b02d,161,Executed_Proposal
2022-10-20T23:18:23Z,0xd5f1e5baf5efc2a772ff23c1238d07e56ab1e0195685b8c1b278bc0e0278d9e9,160,Canceled_Proposal
,,159,Defeated
,,158,Defeated
,,157,Defeated
2022-10-24T18:17:47Z,0x596c13a2f7e906927d61ef4ea690c0ec6a153d8257591abce54941f3920a6378,156,Executed_Proposal
2022-10-24T13:47:59Z,0xa2c629ddfe6fd3403af3092fb45ca4cd722315e1d25cc5e24826fddb6f52c7a1,155,Executed_Proposal
2022-10-24T15:51:35Z,0xf0dc6d4c6024231f899be655193aca618eb72ec4e8139dd0cac7ad8a0cc6f2c3,154,Executed_Proposal
2022-10-14T21:34:23Z,0x79ac8e11ff6245d1864d6dba61e2f788a9f85566ef85b1f26e98aea13b18257a,153,Canceled_Proposal
2022-10-18T06:31:59Z,0x58564b87054eb40642e304fe119a7d841f96233865f77fc98f86351bb6f6134a,152,Executed_Proposal
2022-10-12T17:58:11Z,0xc60b046a81b8f9e26f0c176b25654d3dbb4a4acff1f074fe972e847c9df42df8,151,Executed_Proposal
2022-10-11T11:50:23Z,0x61e7dab505ad80e2df66f7ca89a57f2896889b32e4696ce06f38ea1b59bfa9f0,150,Executed_Proposal
2022-10-06T21:41:59Z,0x1f2d73b6c51ce387c2c990df7589be00ae79179f5a15b55b5361a17d7c7f321c,149,Canceled_Proposal
2022-10-03T23:21:35Z,0x26721ada59568274409e3d37b034373d4630d421eda71bdd0e0890d10a29c96f,148,Canceled_Proposal
2022-10-05T16:50:47Z,0x81c68fc1f5e18e8a54d65848a5c1f5aad1536604a6ed9430402a1db626581dff,147,Executed_Proposal
,,146,Defeated
2022-10-04T14:59:11Z,0xd5f47bf9974b8c0cee3d36163809746b450a6e745cbefc439d8c32ae840443bb,145,Executed_Proposal
2022-10-04T14:07:11Z,0x5736f003781f1813159354a9c9294de58b89f906d734bee9e9923cc7e28c3af4,144,Executed_Proposal
2022-09-26T10:17:23Z,0x6a53f2cd571c748cb71a291ab1e2d8800f1d82b30fd8d958a3be0da49faacc58,143,Executed_Proposal
2022-09-24T23:09:23Z,0xde17a63abdd71ee9884324cc89b8379d2cf148b0f696765866176e44add6783c,142,Executed_Proposal
,,141,Defeated
2022-09-24T15:44:47Z,0x9e47ee54f03efe8f442a5e1ead6fa7141e9809b62da43e9a70018034bb98e729,140,Executed_Proposal
2022-09-15T18:16:23Z,0xeb700aead6f65b2b6126256ca529c3904f26694488c5aff84c0a11d4f5105fc9,139,Executed_Proposal
2022-09-15T19:11:59Z,0xfcf17536d7a51364db56a4a839e4e9a55ab4be5b165edfebbce7a4b4527cfd53,138,Executed_Proposal
2022-09-14T11:53:14Z,0x2b0ae49f700ce793dafa20cda886a612f1dda010f99e64947d4400689820b20c,137,Executed_Proposal
,,136,Defeated
2022-09-08T15:43:25Z,0xe8a8e46882a0c59f0acea719349b398107cb9f5b2b34ec05bd207384cc51e6fb,135,Executed_Proposal
,,134,Defeated
,,133,Defeated
2022-08-25T18:22:25Z,0xfd171128fc6afb131beb981b6aa1d08edebdde262396184f0b49e6622ef6d9f8,132,Executed_Proposal
2022-08-19T20:14:07Z,0x4cbdd247e3c9fe722744b76bcd4deeaed4e8590e1edd70a01949d73587ea332b,131,Canceled_Proposal
,,130,Defeated
2022-08-19T03:03:39Z,0x5960f7a660d5d5e863d86f0ba8e3daf26f5aa66da06999593dc31a31aa91e94b,129,Executed_Proposal
2022-08-18T00:26:25Z,0x71a575ec58a50b2abc5378d64c67184c9f25b27a4b9ed7a89b5ee6350acfa344,128,Executed_Proposal
2022-08-13T16:32:57Z,0x784cc602a75a5795c0be3fb305cfc624e1769168d92336735ca0f1388cb21f64,127,Canceled_Proposal
2022-08-13T19:36:39Z,0x88deaa4b9004740880e7b9e2132adc0caa2d1f070f6a3643fd993f32c3c18c07,126,Executed_Proposal
2022-08-08T17:25:38Z,0x3b6a5e193669c71436d6537cb6c06775a41a6ec53353a6e3977a10f175ff1ebf,125,Executed_Proposal
2022-08-06T09:06:36Z,0x8e8ee946a047ff337bb971b11978a6cd07de829c94a9f1031fcff19afe583310,124,Executed_Proposal
2022-08-07T14:48:56Z,0x31fb55d50b8f6477ed947b73fda1f1c2c4fbf5042a9524fdf5ce597af52f1bd0,123,Executed_Proposal
,,122,Defeated
,,121,Defeated
,,120,Defeated
2022-08-04T12:46:37Z,0x7fb40acad5f1a924e388a764a995c16581747a7610a9d4bc94de3119776f9957,119,Executed_Proposal
2022-08-04T19:58:26Z,0xd5716595f6f69d2a0992e1d040da9a0ee34abc4f78312a64f38fbcac73bb783c,118,Executed_Proposal
2022-07-30T11:48:33Z,0x5bd13e7976f8311d85b922d976aa191f6bc49d7b5a315c40d35f634e23a631b6,117,Canceled_Proposal
2022-07-30T15:17:09Z,0x66d04a5957660448a52d18a8e72cd4c66f45f3e15d933d960568bda7928893a2,116,Executed_Proposal
2022-07-19T23:19:36Z,0x357f2f8463803f980a537fe815450f6454b868cac65ac45f8ca092f6402b385d,115,Canceled_Proposal
2022-07-22T23:42:16Z,0xfd30eed50c37f441ad3f922358fca76a0d32919344736a6434d941791eb016cb,114,Executed_Proposal
2022-07-22T18:52:31Z,0x80cef007001879f4f6feff16a356ad5e5db3e333ffffdb2b8b3989521f6a801a,113,Executed_Proposal
2022-07-21T20:06:09Z,0xd925985bb4d254f263fdfb47bd4d719a5d08f69fe43b0ad4e96172d149a8e848,112,Executed_Proposal
2022-07-19T17:05:24Z,0x66381593d75a36d4d134bb244d0aab2d92565275c036baf4090b4eb72c841a9c,111,Executed_Proposal
2022-07-19T15:46:45Z,0x024bdc47517353ec79b1c3b075f5cb3789c794d854cf871cb0cc256683fd79f0,110,Executed_Proposal
2022-07-18T23:35:50Z,0x7b89b0490d43e3e6350a84e67c99c46d5df29fa5b22bf2e75f1afda217b0cecc,109,Executed_Proposal
2022-07-18T12:56:48Z,0x953934d27eb0e354b8452af8bec20f4c0a83c3013bdb994c23a0b7bf4e94b992,108,Executed_Proposal
2022-07-16T23:17:46Z,0x89567a760527480b8fe004814a085c3f6499e6823b58746663124d9af4d7120d,107,Executed_Proposal
2022-07-15T17:59:05Z,0xe9ecb6d8963764748f585f7db4680ddd0977ff2cfdc0ce1732fe42f1ba75e770,106,Executed_Proposal
2022-07-13T12:24:07Z,0x5705f4ad87d02a3533965e48317a002e21d289d38469f76ef6d6957b8f98834e,105,Executed_Proposal
2022-07-11T23:03:15Z,0x5b3af5241adbaf43c715dbd8126c4f25d858198a21c545013b6ca15015c92f27,104,Executed_Proposal
2022-07-10T15:31:11Z,0xf76221a13f61e44389f8a7386b1e4b9e59e2885551d2bced0246f0a029b2957c,103,Executed_Proposal
2022-07-08T00:45:04Z,0x0b6d23efbb72f95bd0cb89d85441cd250803b6fc2733c30f099ee9eeb1f32ec6,102,Executed_Proposal
2022-07-04T21:47:42Z,0xed8d2bc32815e1ec9b287e3e01f7564713571f5a06a92a1359446d8d87e88c99,101,Executed_Proposal
2022-07-04T15:31:36Z,0xb82c70d5235f23b074603822c95071d32b1811a6a65ecc5248bc8252367a2766,100,Executed_Proposal
2022-06-30T01:00:58Z,0x497e54b680554cf6f88d4d5b7aa724bf303b319c50c380432472e8ce8243e05b,99,Canceled_Proposal
2022-06-29T03:32:22Z,0x3e286f2e4146bd439dee06c68b3202a9887060b7a0bf2240eb3af2a4ba24cafe,98,Executed_Proposal
2022-06-26T20:26:55Z,0x0b673525ada71f653ebe27766092708d47a68e4cae378b07286ddcfa549bc5a8,97,Executed_Proposal
2022-06-13T18:08:20Z,0x81ebb42815da852d629fb9e0246631d42a0ab98648f64e842453ef49f61b997a,96,Canceled_Proposal
2022-06-20T11:51:38Z,0x61139f4d3371889c5302009dba6aae4e08fc408bd0af230162dd1d8c3e5b3577,95,Executed_Proposal
2022-06-16T20:14:33Z,0x64caddd09a83fc4faaa7cdfe3a13fca0edbffcec6cfc35caaffb2c9ba49c0e06,94,Executed_Proposal
2022-06-16T12:59:45Z,0x05f19a733d221180e08c824ec785bbdc67365bb5d5cfcfa9c5b44a5de64dfc34,93,Executed_Proposal
2022-06-16T22:00:38Z,0x51640c673d9be1e6c3394b3e7578906da43a110b9206ce8c2061885a923286bf,92,Executed_Proposal
2022-06-16T21:58:35Z,0x5d05973e0fdc8efb5c30b9f41e639e927c13954427b876d7bfb71678d2197958,91,Executed_Proposal
2022-06-15T04:01:11Z,0xb649391e5bbcf865319d5cdf4ce1a7c1f4a0a5c8bc9dbe8dbca9faa73c5f7211,90,Executed_Proposal
,,89,Defeated
2022-06-04T02:01:33Z,0x8d98cc3722aa766c0eb8aa28e58232e1f6ff2271e5cd822653f3808013500adc,88,Canceled_Proposal
2022-06-06T16:13:06Z,0xc6105eabd21ece8df75ea2d1a2bb5e1d52892f0c91892f098e16f6ba030f6a10,87,Executed_Proposal
,,86,Defeated
2022-06-06T02:27:07Z,0xcff83476ba6fb748b8d63a7e501aa15cb2923f69b4f4a5b782cde930feb93cf7,85,Executed_Proposal
2022-06-03T00:13:14Z,0x7ba88cbf14f6ea0bc87795bd1950f80e78ea0fbf98421a73997529626b6286d3,84,Executed_Proposal
2022-05-31T00:41:36Z,0x25790a0038bb65e02477a3c8c22dc12b8b9535eae6acb59986626cf25af22d2f,83,Executed_Proposal
2022-05-26T22:10:18Z,0x52b51fe40e4654528f65d27b08322df2f97e118e2e72eccd80b0ed5b54424939,82,Executed_Proposal
,,81,Defeated
2022-05-18T20:46:30Z,0xda11b6289d34762d9f09cd42464341f2a0ac353d5044875d81b0142a84ddbcb4,80,Canceled_Proposal
2022-05-18T18:06:11Z,0x41b6a1f7eaf5e38d9b857a88285358e6d35f38d856a2efcdccc551e3c23462af,79,Canceled_Proposal
2022-05-21T15:48:14Z,0x0d103d6851f9d55b043cdeb46a05b86900cb926a63899449b94cf7c4bfce1b18,78,Canceled_Proposal
2022-05-24T17:32:44Z,0xa8437f511af5420a9fbb44258e21e3919f20b9b059c5502c939116947c811db3,77,Executed_Proposal
2022-05-18T17:31:21Z,0x81bc96b3895b647ec8f5bd81d4676c97bf890f3255fd0d25dcbc6e3da2255495,76,Canceled_Proposal
2022-05-20T21:14:17Z,0x14ea36d231304e284b6552e5d94200d74102f30c7223589edb55608eb19770ce,75,Executed_Proposal
,,74,Defeated
2022-05-17T22:38:25Z,0xe61afddfccf316333fb1f9e740c9a0e54dd5d72c130332abda1a598eaf3695d0,73,Executed_Proposal
2022-05-18T16:49:10Z,0xee4c1ada17c5c4d8136ad5f73a45db96dda00a6f8916e567b0b9a2b7bca12f2f,72,Executed_Proposal
2022-05-11T04:18:57Z,0x743fd1b66e5a2329ccc7b9681dbf58f449151757cb60a65bfe053410e52400c3,71,Executed_Proposal
2022-05-02T15:12:27Z,0xcf482814b5b29e9659dfdd11863142c1783cc922ae69821db113eccd68812074,70,Executed_Proposal
2022-05-04T04:05:22Z,0x0a93c5946806021892afb5cd306a00808c46e6b7d0c9b38e4216fda817549044,69,Executed_Proposal
2022-05-03T14:05:52Z,0x91a9aba954c8efb11788bbf764c309d9645dd0a82b7b4d898a73dd14f3b7103c,68,Executed_Proposal
2022-05-02T15:16:49Z,0xb79c1a9d5ddd254a0d6055cb5edd424189aa0493acfb1ed37145993ed7e3575e,67,Executed_Proposal
2022-04-23T15:17:41Z,0xfdba427f05937f027bb1e9a3628d8ebb514624071c7442b82337ab633aa82e12,66,Canceled_Proposal
2022-05-04T03:57:38Z,0x034f71f09c5d5118dc1456d67dc4406dea19f6a2ae229e02c5868ac6d7bd1bcb,65,Executed_Proposal
2022-04-30T12:05:00Z,0x37b9be8150f151d5458b0df780f87ea90cdceb4b7488e586b6008f8da2539216,64,Executed_Proposal
2022-05-01T05:26:42Z,0xfdf895846b1ab60d0b83e8b93aa5430497e0cab8789fad61dae3801efafc0d14,63,Executed_Proposal
2022-04-26T00:44:54Z,0x55fc66e5d0e7b01abe4a92aa9da65669cfeb9dcd62daca1f3d2a3209e5fa0987,62,Executed_Proposal
2022-04-26T01:42:01Z,0xc74c731cc41ac781d4b649e03953208aca11d3af75cb5dd1fde7411f581e45e2,61,Executed_Proposal
,,60,Defeated
,,59,Defeated
2022-04-19T21:47:00Z,0xba2121bfd5215b9ac6896559b078f6fc412234e9409803e61c5d89ceaa6997bb,58,Canceled_Proposal
2022-04-22T15:07:36Z,0x3ce85ed18272989747d1cb042652fee053b8316bf408e0c6884f9dad61ade373,57,Executed_Proposal
2022-04-23T05:58:40Z,0xae71a24897962441f367554a75dac7612ad075936408e069e11e27788c4a08ee,56,Executed_Proposal
,,55,Defeated
2022-04-24T21:01:15Z,0x8072c41e921429030291b5a46a33ea3ca3ed23186ef09cbcfeae540d64cc59a4,54,Executed_Proposal
2022-04-16T17:18:57Z,0xb16cd3ca7dc9d22e4238c3e77bdd65fc35f6394a05b6f5e40c03b02b6dde655f,53,Executed_Proposal
2022-04-16T17:18:57Z,0xc7ff428dae5d5d8d4d6f9db6fba8fec29ebe13955c6efcd2233008dc34c89998,52,Executed_Proposal
2022-04-15T23:28:05Z,0xf8713fc87e6ad4adf91774e5fda2c15cae18683c9993618cb47e365988771d69,51,Executed_Proposal
2022-04-07T21:29:05Z,0xae984caf6311445c549e5e2e2a6cb189d12b3c004a84a4c14d8892d555979060,50,Canceled_Proposal
2022-04-16T17:18:57Z,0xf94b3fae1acb8bd7086b4a24ca5824be119ee7fe5b91e7e058463a5d511be670,49,Executed_Proposal
2022-04-12T13:48:35Z,0xa43712727335b724d2cf158f6b25027d037214b5aae25a9563a48413353cc36e,48,Executed_Proposal
2022-04-12T17:50:50Z,0x65d264da366e6ce00b93cc1f75143356835a9fd6c190bd48d2bb18db51b4dfc9,47,Executed_Proposal
2022-04-04T23:46:22Z,0xd8bb1530b82a39fdf99adb1870b41fddd9ebd23edba430f94c897e4456a2f258,46,Executed_Proposal
2022-03-31T21:47:30Z,0xd5197491f53be6fb41a65cc0f4487146e757da02cdce060d1b1b815256353e96,45,Executed_Proposal
2022-03-25T00:08:57Z,0xa488d1ca2df36aa0133e14236e0ebc943357f6685f451bbd3e7054cd46257cdc,44,Executed_Proposal
2022-03-19T16:45:22Z,0x285b64d225264c26c947525e5f0dc0d446750c4f15f2721f7fb67dccd6af00ae,43,Executed_Proposal
2022-03-11T18:30:36Z,0x1ee77d303ea6793d925765cb421b3f913c4edba68f0b08fd2485fe8aace72ec3,42,Executed_Proposal
2022-03-09T08:52:35Z,0xb889ac72f83d896d4a5148470338956b6e0f36ff90db4f9f6cbc6077a66b6689,41,Executed_Proposal
2022-03-06T01:32:27Z,0x11da8da824f9d833f0ada235dfff55d4d5fc6291a61278b4b2f47086a27ce1c0,40,Executed_Proposal
2022-02-25T20:29:32Z,0xd9ef8d487a185285f7109e062a6711badf86ac5c2d7019be648c5d4a8772b0ef,39,Executed_Proposal
2022-02-19T16:30:08Z,0x6cbc4dfc8cc8f495da0d4fd5f7f214187277e194a1d2b88c153b2777d922ddcd,38,Executed_Proposal
2022-02-10T22:52:41Z,0xdd5c70511ab8954e2be04d539fe18d115f44e4bfa049d27b6cbe65a9d5767230,37,Executed_Proposal
2022-02-01T03:37:00Z,0xb147ae207aa6ab25b792a2d46363bc085231ba13699087a29ffa9d89e08bd1c2,36,Executed_Proposal
2022-02-04T15:18:46Z,0xb581cbd7287447ed42130db74b96b9d83d0fddfc8e8121aa931c1556d7ac307e,35,Executed_Proposal
2022-01-23T19:51:17Z,0xd76847b9b21e5302faebadc5b75856d74121807799d4a2535e6027de9ad81dbd,34,Executed_Proposal
2022-03-09T23:06:19Z,0x2ad39df839ce44e238918c0939aa0d6d44d5dbd9451e8944108613af059a5270,33,Executed_Proposal
2022-02-10T17:41:20Z,0x708ef7bfd39d33eff02a208dc6ffe0b1e99cf0d4a8b6bd4c3a27cdbc85f418a2,32,Executed_Proposal
2022-01-13T21:22:58Z,0x188687bb37d93f6c5493c8942d65d3cea00134043aba2dab1e5729347d933282,31,Executed_Proposal
2022-01-05T15:32:58Z,0x467060004ce78afce255800af48a472d6b509b1f925e4f5e5c29521388da4ad9,30,Executed_Proposal
,,29,Defeated
2022-01-23T04:44:38Z,0xe56f99bc601a95d904ea473a364f1cd7ad5b788b4576e15edf770edef765f508,28,Executed_Proposal
2022-01-11T17:52:49Z,0x25c805f64d73c2be155b7f1cc18be05d0475ea3f2a9776aa6d7c1e9199f13bc3,27,Executed_Proposal
2021-12-12T19:09:07Z,0x103e84d59347453739d278514ffd57725e07fa6df6094cf1f6c2e2719ecf7ae2,26,Executed_Proposal
2021-12-10T20:58:30Z,0x6d3f950e0ed1d5f4db2b6c7191ca2d9a256e632f6acebffd7d6bd569373fead6,25,Executed_Proposal
,,24,Defeated
2021-12-08T20:52:24Z,0x7e2cf1a9cb4bd105067ab76f08c99d14c23ba63fe6be993a07f00f94a667114d,23,Executed_Proposal
2021-12-05T04:30:20Z,0x7eabf1923c79d9ee337d097664668c98f117a5aa727e6cd91d974c273114a650,22,Executed_Proposal
2021-12-07T13:27:25Z,0x5c6e0635f778e02df2e2218707ab1d8833c91161167f73301dc6413702f87f08,21,Executed_Proposal
2021-11-30T23:29:26Z,0x93f18e8c93b881913ab09c3677832fe6bf3fad4d4b79dc3ab9a1235f77d43cef,20,Executed_Proposal
2021-11-30T01:33:36Z,0x50d29ffa4a94aacdab1a525b970c6e7482913de2fc4ed92fc48186effb41174f,19,Executed_Proposal
2021-11-24T22:07:14Z,0x94fe784505c853730dcdf31c67549726f6099a800e7e4ca8a5f9dc46041fc948,18,Executed_Proposal
2021-11-23T20:31:34Z,0x4cf39311985a0c9a2e6e2c93da4789929140d689fd6de9398d68022a9cc031f9,17,Executed_Proposal
2021-11-15T15:06:55Z,0x7749865e6ea1c4fbb53098dc4341767efb4af32113cb3cba6d2a27099ffca3ce,16,Executed_Proposal
2021-11-14T16:36:32Z,0x0d0c704abe7d3174c8b87ddce7930a07c9945476ff6ca7de83bf8e73b96295f3,15,Executed_Proposal
2021-11-15T12:50:56Z,0x17ee14ab2afc8c4428ccfceb2e350cc77a14a257567e5a8ba6375347f2a1b5d9,14,Executed_Proposal
2021-10-28T00:25:53Z,0xb76db3b4c90fb9cb4c5c3f8e477f339a5fcc76e5ea81e6d8fd7738567162117c,13,Executed_Proposal
2021-10-29T22:15:19Z,0x9ec2cdde9af09a0cab5dbb07e697775525381090bfa186a92a04529558301b23,12,Executed_Proposal
2021-10-23T22:14:33Z,0x495b7a3499a5af11a6549315574e616a55c4db4b09cf21f439f1e62c0003fb06,11,Executed_Proposal
2021-10-23T22:21:50Z,0xc6aed81483a5eaf0560761627cfb158e7da5a65344ffc6eee024536623801efc,10,Executed_Proposal
2021-10-07T23:05:53Z,0x24159ea8259b33cb0300a46646f9158ce702bdf43c411ba93f717db29d6b0a5a,9,Executed_Proposal
2021-10-02T05:53:51Z,0x3830a53a8fe8220fa5cf658aa1763cf61c89b06918be6f5120368d760642f484,8,Executed_Proposal
2021-10-02T05:55:53Z,0x877b715260c73dad5de8063902e44430ccfebc0421d58e3cdd1d62ec0b5e16bc,7,Executed_Proposal
2021-09-28T19:39:06Z,0x27c2490336477a47f6a5ee29a625128decedeb6d351e26dc2dad5796237f8ef4,6,Executed_Proposal
2021-09-22T02:32:08Z,0xe58e5667aa040d99410a81d0c3c7a005a9e6d41d7b2d14e13bc1c890fa23a70c,5,Executed_Proposal
2021-09-14T10:35:16Z,0xdaa3fb7a862e15806e3071c9196dd1b4ce9eb5df725c56ff390ac9b747c50c36,4,Executed_Proposal
2021-09-10T18:28:06Z,0xb817774a3a50b1b44fc09a0ffb0a0eecb192dff46ff75f5e24445948c31d4214,3,Executed_Proposal
2021-09-06T03:21:34Z,0x5bae4c4cc9aa56b5f5e8e3aa41a3db9e1c6dee34b125240e348d33d063058422,2,Executed_Proposal
2021-08-28T14:19:08Z,0xafb3f9bae68bd7cf13f506ea9bfa039313eceb0397ca6a6baf0f2d6a6b3afb20,1,Executed_Proposal
