TIMESTAMP,TRANSACTION_HASH,PROPOSER,PROPOSAL_ID,PROPOSAL_STATUES
2023-05-12T12:15:35Z,0x5cf1542771bb645f04b814e4dd82397116cf32b336cab89c2910a6496afdabaa,0x5606b493c51316a9e65c9b2a00bbf7ff92515a3e,294,Canceled_Proposal
2023-05-11T23:46:59Z,0x5f6a1dbf781f57bcded37d45beaae2eaa12836641ecc5fbbb4ff284b05448478,0xb9e43e4fa60c0a702a417d5e7e6df37151c1da28,293,Canceled_Proposal
2023-05-11T07:44:35Z,0xc17cafdcd6fcf3713afe42e57a185d2ab3114b0e91b20188b4734ca9ff5991a5,0xa86882277e69fbf0a51805cdc8b0a3a113079e63,292,Pending
2023-05-11T00:39:35Z,0x96054f91d93021e1f00e30047c7a6c7fe7031a014d5191623a7d1e0f2c9963a2,0x3b60e31cfc48a9074cd5bebb26c9eaa77650a43f,291,Pending
2023-05-10T06:25:23Z,0xdfc1eedde49fe8825d52e64398549027392034160d4f8b09ce854ffa7cde0e8e,0x91dccaa260cc4616e1a6e6b693db7207c5e42937,290,Pending
2023-05-09T16:22:59Z,0xa1ec2dcf2c592b889afb58c7617933d47c46dd77b928686fae03bc6b3dd4857a,0xae65e700f3f8904ac1007d47a5309dd26f8146c0,289,Active
2023-05-09T13:58:23Z,0xc48bc4c2c1a8494f7a69ccf17d600fb31da01c1e504c427afb901057dc1f5b7f,0x49a5aeec7d9ac70990404278e93031e4c3c71875,288,Active
2023-05-08T16:13:35Z,0x4455d9f2ee38ccf2ae648d1909c100efccfa23cc74faa4c19aa7e8d85afdcf2c,0x008c84421da5527f462886cec43d2717b686a7e4,287,Active
2023-05-08T03:19:11Z,0x3e78170fcd7c9a8ea2a602a67f703545d1d2513444442a41233041112490c2c8,0x43e3ab994070db606042e8deffd146300cb52919,286,Active
2023-05-06T22:34:47Z,0x2e239a0cb51b4b5af6f97e3e2e243999622ce538281365bf568687c364680d9e,0x67a690caf73ae9381d09be6f1ce584bbe49d788a,285,Active
2023-05-02T18:26:35Z,0x7748075565d346dbe4e831cde1de1554150deed433a517cfda7eecd180d13ace,0x9ae8912ea6562957043c8d048641aa9b450c397f,284,Executed_Proposal
2023-05-02T14:26:11Z,0x865e5ee6a731d69c397ac150e9765265e1f8ecb4f82ccab5b69e8bd6926a23c8,0x1db19b9903c5510aa5a866ea643eb021cd12bda0,283,Defeated_Proposal
2023-05-01T03:05:11Z,0x654688b5cab592c7bd00374737053102f13e84dccfd896598ca21ec33c07a7cd,0xb9e43e4fa60c0a702a417d5e7e6df37151c1da28,282,Executed_Proposal
2023-04-30T09:57:11Z,0xd62898199df3593ec822e7eaddacd7ec1a6871294fd0e4749ae7a33f3db8fac1,0xdf6e59c6df1e9500fd35a76ff4c62f9901e90019,281,Canceled_Proposal
2023-04-28T09:10:47Z,0xb1dfd649bc444a4583a2efa70b319606756340812efbb4df0b07644ae89186d7,0xaec4075e4fc8ce829bc4f0cfd5e2fa10dd2b12d1,280,Executed_Proposal
2023-04-28T01:35:35Z,0xdacc994e722ffb389194fe2c104f39487bf3f80039c9e67018c02124d7bd4fad,0x0b3cf56e7df3bb3fb7201ffcd96d279b05ddd2e3,279,Executed_Proposal
2023-04-27T13:58:59Z,0x13cb2bd9d57d3fbb7d2ab1b93961987ff0811130c41f7b96af07b0c00d485802,0xbc3ed6b537f2980e66f396fe14210a56ba3f72c4,278,Executed_Proposal
2023-04-26T22:32:23Z,0xce00d3497c38f5b065ee2d2b90e85db8da6b03b41c4807f8b3b4ceefad5b6052,0x93d94557824ac07a30b5b0f44f7cb3e00f9c4191,277,Executed_Proposal
2023-04-26T11:00:59Z,0x3568b5090c4e92e17823dea65e1e8e88dfa10a46ad3f6063f040999771fe2869,0x4756e5a5d0668195feb1ec0e7f96832ffc51c4a8,276,Defeated_Proposal
2023-04-26T01:47:35Z,0x950f22b82119a7cf8be90bc373a5bacbb0473f0664cabcce7365dfab3103c5a8,0x29c5dad7e34d0a27d6f65a0a7e07e4d03dcd68c8,275,Canceled_Proposal
2023-04-25T06:51:47Z,0xc6512b4edc1a4cc0511a049e0d38001bd3a159ba9e6e26dc5aad60bb5c2a137b,0x91dccaa260cc4616e1a6e6b693db7207c5e42937,274,Executed_Proposal
2023-04-25T02:30:11Z,0xb10423e151ffeab17095d0a7b88e940d26f0455217b013f062b1d1c18f1be779,0x9d3bede31f1c3b8532b98d8a9569e4b5b3fb6ba8,273,Canceled_Proposal
2023-04-24T22:18:11Z,0x22b8c6d6f362d0639e5295f23f81ebbc044200bdd20a51c35532712a9e95166a,0x13eef4ef8fca471f242ab0f8f49a3db6017ada33,272,Executed_Proposal
2023-04-24T16:27:47Z,0xfbdcf5cf3b63e4f026b65f1bdf7587c86330e32d7a71ff2493d69e983f126fb8,0x83fcfe8ba2fece9578f0bbafed4ebf5e915045b9,271,Executed_Proposal
2023-04-20T08:47:35Z,0xd5926be803c5264d24c2d6ba0187835cede66e5130dcaec75e2a52c654b62486,0xf2b7bfcdd6b596767e346269a8675472b45d098f,270,Defeated_Proposal
2023-04-13T19:59:23Z,0x870f7f60dcefcae00359588ce05ba410cbdc2225e7e08b0cf9d8992200b45b64,0x0658f4ed17289144717713adffc2539ef7c2ef8e,269,Defeated_Proposal
2023-04-11T22:33:35Z,0x0f9c7a7eddd89c2eef04801d0dcd0e352ff509dad58871a822b6d6a8ce304e9d,0x13eef4ef8fca471f242ab0f8f49a3db6017ada33,268,Executed_Proposal
2023-04-10T22:52:11Z,0x7e2dab5110a6813255c660cbcc135b1da413d7116b93fb6f97980cb798b161d4,0x93d94557824ac07a30b5b0f44f7cb3e00f9c4191,267,Canceled_Proposal
2023-04-10T00:31:59Z,0x9f8bf62b6d8978929a59fe1c46465e11518c50c7120b8b89273e8006dc0c2824,0x144975eec9674fd0af3d6f3fba8d660879ce3881,266,Defeated_Proposal
2023-04-07T06:06:35Z,0x94d5dddcff2f7a186b4cf7cfb0a3c182a5bca10fdb914797f5d581ad9c41c8b9,0x43e3ab994070db606042e8deffd146300cb52919,265,Canceled_Proposal
2023-04-02T18:28:23Z,0xd6e025f27afdf7e08758c2e7530c32ca879bc51b20ca2f2e8bee4253baf35a55,0xe7304ba0f157f2ade94015934284b6704bc72911,264,Canceled_Proposal
2023-04-01T23:30:35Z,0xfcd1731023130fc0de4cf67b23ecbabef55d00f5d39f3a51a33c136212ac0e7c,0xdead753f9b1eb8f2f7372e8587e7c6e342daac89,263,Executed_Proposal
2023-03-30T18:48:35Z,0x156cdd8005e3247577f2f60cfe6252d357ce3d489066e6c11e6ebeaa48af07ec,0xaa4fbd73051b151397bb369c7e2a6052a894d924,262,Executed_Proposal
2023-03-30T16:49:11Z,0xb34b5e54dfec0e985b3b17872a7705d34117f810bcd2b0e45ee478553295450a,0x4754b7e3dede42d71d6c92978f25f306176ec7e9,261,Executed_Proposal
2023-03-30T07:15:23Z,0x2a64fc8d32418c2f7b08c2477880ad25351825e6f7eb56e92fa19ff636dd2f55,0x387a161c6b25aa854100abaed39274e51aaffffd,260,Defeated_Proposal
2023-03-29T01:28:47Z,0xb8ffe653a301182034175f3a49cb876584297bfb00a7489d8eb18a01d96356c1,0x281ec184e704ce57570614c33b3477ec7ff07243,259,Executed_Proposal
2023-03-23T00:49:11Z,0x499832acc0f87848eb246e1bf5a3c9659042bb51b52f702a8d47ebc7514a0534,0xa903c06bf35286f6d1cdad25396748353979a44c,258,Defeated_Proposal
2023-03-22T03:33:11Z,0x23f196056668cce345e97e8c3c30385450a34dea1a3899003b9fa860c6d05fac,0x0c66d954d9cb1ebdf4e37a000262323c83655e70,257,Executed_Proposal
2023-03-20T16:43:47Z,0x1d2dfa4d94cc4985258478ce6a6bfc2d67678458d2fb64ad9eaf88c9ce3cd665,0x0055cd5f017027d10adf4f13332181e6d8d886bb,256,Executed_Proposal
2023-03-17T09:59:35Z,0x3759efe3826a35ab1e4a8e7b234be982f468d8ed2f1ea08da15dfa25d195c5f6,0xdcb4117e3a00632efcac3c169e0b23959f555e5e,255,Defeated_Proposal
2023-03-16T19:11:47Z,0xa715769589fbceadfbba88ddcc7e21bad88083e31f0d3b85efcb3b0d8d701f4f,0x008c84421da5527f462886cec43d2717b686a7e4,254,Executed_Proposal
2023-03-16T17:28:35Z,0x893fca962c221d0d1cd283026f6ec996deb6bc4b9a0e0013d04f10258284c094,0x93d94557824ac07a30b5b0f44f7cb3e00f9c4191,253,Executed_Proposal
2023-03-16T13:52:23Z,0xd3ca8562245bd1eb182134a696c73030db6e4e5d0d39355323b1d67cf9fd73c7,0x53469f448c3ea07671da492ede02f90790978c9d,252,Canceled_Proposal
2023-03-16T11:43:59Z,0x16067c3267c0f2c4cfb578628f01c3b97a0cbbdbda285ebce5aa49271d05224a,0xaa4fbd73051b151397bb369c7e2a6052a894d924,251,Executed_Proposal
2023-03-14T20:45:59Z,0xc1234dd54f982575eb52490773296c11df666ac722cb3d3f8f3ad4d067d15b7c,0x141b63d93daf55bfb7f396eee6114f3a5d4a90b2,250,Executed_Proposal
2023-03-08T20:45:35Z,0xce9644b01a43ed047cd14a20aa0befcbb4b6d0bc23207e1bafa2fcc9c127f791,0xae65e700f3f8904ac1007d47a5309dd26f8146c0,249,Executed_Proposal
2023-03-08T18:09:47Z,0x9782d1638df012fa24cd86195a1ad4694052dda8bee884fdb846d9f9fb24d10a,0x046c54a8c88397c9b222b979f7b6efe9077f4bde,248,Defeated_Proposal
2023-03-08T05:33:11Z,0x5d7606db546c22d720d1ee20fe7c25dd7d36724081b3c63e8f8c1464a937ff3d,0x046c54a8c88397c9b222b979f7b6efe9077f4bde,247,Canceled_Proposal
2023-03-01T20:55:59Z,0xfa7622957a790b7fcffd105960354b1a2c4418d56fedd37e8dad91bf10584106,0x538c4f2afa012911851dadf0655cb61377e7a8eb,246,Canceled_Proposal
2023-03-01T15:00:35Z,0x167b4a6ba818c497025abd70f60b89c8d59bd1f630a35f462887fdec4c933d9d,0x008c84421da5527f462886cec43d2717b686a7e4,245,Executed_Proposal
2023-02-28T22:54:23Z,0x7bcc32cca4e512f616d4554f0892008f62a13ccd42ded01122bd7328e71a24d4,0x5ca40836e6473a495148972a13dd9014797c0e92,244,Executed_Proposal
2023-02-28T09:26:23Z,0xd7b588406aa0409040c736d4cabfdee1b189a8e3b52f3a65a0f241c6c94708cc,0x5ca40836e6473a495148972a13dd9014797c0e92,243,Canceled_Proposal
2023-02-28T00:45:47Z,0xf0f165f064a82ab9473dac5abfea94b5fa3eb6f79dcd1b59d560dc7a8cdae26e,0xb52235dc0751ce6e171c51fbf459fd6637c6ccc8,242,Executed_Proposal
2023-02-24T18:31:35Z,0x27749daa0b75d210aad14b375898d42e82565afbfaaf52875847f137619d386c,0xaec4075e4fc8ce829bc4f0cfd5e2fa10dd2b12d1,241,Defeated_Proposal
2023-02-22T20:43:11Z,0x522cab26682cfed5d3cb6d3dcac322304034f88e46d6d3af53e6c33e542223cc,0xdcb4117e3a00632efcac3c169e0b23959f555e5e,240,Defeated_Proposal
2023-02-14T21:18:23Z,0x7fc0686b75c4bd84cc03c5d3c8acf618c885205a996c34e5ed81e14fb03d66a2,0x83fcfe8ba2fece9578f0bbafed4ebf5e915045b9,239,Canceled_Proposal
2023-02-12T19:58:47Z,0xae76fbccd2b55ce2d247d1877e099c989d8c6ed1a2983117d66bc30ba831a63d,0xaec4075e4fc8ce829bc4f0cfd5e2fa10dd2b12d1,238,Defeated_Proposal
2023-02-08T23:32:47Z,0x8fe6e9b9be0730c41436c2a1d9952cadd01ad16903eae3cb0980d6629234a30d,0x7f64c6e6908de72221a06a06b4a02a6546a4d6d2,237,Executed_Proposal
2023-02-08T20:00:11Z,0x07bf3dd94aa5d3173360142b374665ddc4fc8ad0a99128d38f20807d1f7faca2,0x021edd67d43b365a6401a5ee704aa6f264f3f4e4,236,Executed_Proposal
2023-02-07T22:26:47Z,0x7e2d51cc0f8a223ad8aa3adee258923440ae7076be5e9477a822d6e5819dd6a0,0x7f64c6e6908de72221a06a06b4a02a6546a4d6d2,235,Canceled_Proposal
2023-02-07T19:30:59Z,0x5ce89e48e7e60ee2c8e776e7e4bf681d0cc6b10f4c3a2214ea59974040eb78f6,0x7f64c6e6908de72221a06a06b4a02a6546a4d6d2,234,Canceled_Proposal
2023-02-07T17:40:47Z,0x7706026736285986b06159808447fd24db64bc692b8680e9afdff26c9eca9c15,0x57b21441c24746697db4d9553f800f42f8a9ec12,233,Executed_Proposal
2023-02-07T10:46:23Z,0x3d1003f42478012904290cbdab8ba7502b5b3e40723919bbc1456c31712b325b,0x36a5bc205df1ed65c86301022cfc343a6ce546ff,232,Defeated_Proposal
2023-02-07T06:27:59Z,0xbca52186ce4c68bc89f8db0ebc907b703514998b82acebde6bcc451c03c880ef,0xb5a497ce6b9843e5936b9da985174c0906520387,231,Executed_Proposal
2023-02-06T20:57:35Z,0x4d905be7c890cd5ceb3fbeca21040e249b43c11f8909acce505b64d5348eda7b,0x7f64c6e6908de72221a06a06b4a02a6546a4d6d2,230,Canceled_Proposal
2023-02-05T19:34:23Z,0xe1139ec39285a3c4033df7156756060a21815b4b76ea664ab02f32b165dcee39,0x13eef4ef8fca471f242ab0f8f49a3db6017ada33,229,Executed_Proposal
2023-02-05T08:53:59Z,0xbff69fa8614cbc9b9ed4de86ef344247104bda5872df861679654d870435c622,0x8ae80e0b44205904be18869240c2ec62d2342785,228,Executed_Proposal
2023-02-02T21:19:47Z,0x96f190322a422c2e68fab869c1910aa526cbb9a6141703aad10ff5cf93bc60de,0x4754b7e3dede42d71d6c92978f25f306176ec7e9,227,Executed_Proposal
2023-02-02T20:38:35Z,0xc78d28215a0c17f409c6c976aafa0b7b62948ce76d55ff056653657f7a50ccba,0x31a50fd42b910c635e4d25b63b7b90fad1451695,226,Executed_Proposal
2023-02-02T02:05:11Z,0xd8440f3457cc0fa92c03242ecae40659dcb0729e7f5ad3cc4d53b6309afa49fd,0xcf4e26a7e7eae4b3840dd31c527096e1265ab990,225,Defeated_Proposal
2023-02-02T01:40:59Z,0x0da8f320e813effb1051653d7ba2f0ee067d7343c4768af906a4337a9e0572ee,0x60bf178a865d733e9a40c5f8e9f5d5aa6e84498a,224,Executed_Proposal
2023-02-01T18:40:47Z,0xd7d3a1c011324bfe13fa361ce823e9544732c817d271e0d83b389ea781d9884b,0xb52235dc0751ce6e171c51fbf459fd6637c6ccc8,223,Defeated_Proposal
2023-01-31T21:48:59Z,0xbfbb0793c3b322a1de0c6f44914b6ac843517ed4ae5a8c77fd190a7de6c74150,0x79f08f2e75a8c99428de4a2e6456c07c99e55da5,222,Defeated_Proposal
2023-01-31T01:01:47Z,0x02500526237aff4f7f62a01a8b581ed9af4eb9e708878abc596155b0e0841af0,0x5606b493c51316a9e65c9b2a00bbf7ff92515a3e,221,Defeated_Proposal
2023-01-31T00:56:35Z,0x30415880dc43dd6b35240cee1c8784c36d4611c1766a5f3a0364643ff49a6af1,0x5606b493c51316a9e65c9b2a00bbf7ff92515a3e,220,Canceled_Proposal
2023-01-30T18:53:59Z,0x3d7cbc4e52ff9157166c6a6c0b1aa201f79034012013ed977c4090e40d2b7d89,0xdcb4117e3a00632efcac3c169e0b23959f555e5e,219,Canceled_Proposal
2023-01-25T03:40:11Z,0x693a626709709e4196231ea667505235243c54e0f58d00cb66f4d7ec6d1ab90d,0xa903c06bf35286f6d1cdad25396748353979a44c,218,Executed_Proposal
2023-01-23T16:53:11Z,0xe102e9adf20674c8c04b2c3ad6e2fbdc8ba151e60d021cf47ed59b2d59bba0b1,0x4754b7e3dede42d71d6c92978f25f306176ec7e9,217,Executed_Proposal
2023-01-19T23:58:59Z,0x7b1ba2e3e8e43d3cbd771e9e707cea4f25e60915df86778ad507f92dfca005ea,0x9d4162ca2f01583e2f34cb594e8cf198ace99dd3,216,Executed_Proposal
2023-01-19T16:33:59Z,0x843e1b19b15e16064658937b8839bde870e61d3dc7e62f70ccdeca8090c9f6c3,0x55b0a25d697647281553a177321dad0a0bf9a148,215,Executed_Proposal
2023-01-19T01:06:11Z,0x253dfd9001bf15aba124d52ae7bc83e6226c55cecdad9aa4920237c2cabb3fb7,0x5d4df391f56f0d8f854434e52a15b10b6501129f,214,Executed_Proposal
2023-01-18T23:28:35Z,0x03b86852da2c818e99e3640e580fff49b20316d7994f6f7a89e032f76bbe2ba2,0x5d4df391f56f0d8f854434e52a15b10b6501129f,213,Canceled_Proposal
2023-01-17T16:21:23Z,0x52b1254954d036b32e004b634f13436ce031e27bf9c3d8e617c9bb8450f03d04,0x696ed7b26f4b019ceec78dc8b9140ad64a6f354b,212,Canceled_Proposal
2023-01-17T12:17:11Z,0x6668afe36f3fc020818f40cd14341cd5715e04c2ae9370734fd86fe4d38f9400,0x7c1282a7621f0e2f6169e151628552a8b8a57b2d,211,Executed_Proposal
2023-01-15T19:10:35Z,0x6d6f9e3382db2097fbec4b5b853363a34943f2fe0b4123bffec7e45f0c7ccb26,0xdcb4117e3a00632efcac3c169e0b23959f555e5e,210,Defeated_Proposal
2023-01-15T15:58:59Z,0xf2197c9626035cb5650d2fc5002bfafe7e4f8b4348dc064c4d9c9085cb16a388,0x5606b493c51316a9e65c9b2a00bbf7ff92515a3e,209,Executed_Proposal
2023-01-14T23:53:35Z,0x6904c4b8665abd18558ca51747c6aff970da6430ac6b4111143974ff2f294c5c,0xcc2688350d29623e2a0844cc8885f9050f0f6ed5,208,Executed_Proposal
2023-01-13T17:37:35Z,0xa4f673115c3f21bfcc29ac04caa7cda2f73a28fd4dc0194dfc944a8a95da9bc1,0x83fcfe8ba2fece9578f0bbafed4ebf5e915045b9,207,Executed_Proposal
2023-01-11T03:46:23Z,0xb7d004132f72a80da028909ea6c15cd85289ad159072bed86d4702d91de365b2,0x31a50fd42b910c635e4d25b63b7b90fad1451695,206,Executed_Proposal
2023-01-10T23:47:23Z,0xcf25de0bab66cda20621025750151ac04f2896f1af90a9b9a6c070547783c3f4,0x4754b7e3dede42d71d6c92978f25f306176ec7e9,205,Executed_Proposal
2023-01-09T21:24:35Z,0xe6d6a982c48283276f39a98d00819e66ae8c4b037c28bf9ceb2cc8dc6130f573,0x7898fd5d80b52f6d8a9b7a8b908185536650f108,204,Defeated_Proposal
2023-01-09T09:44:47Z,0x5f8cfa153a6875a9fabc4ec659e8c8dee1e8f80c3a70f91b0aff76e18eeb32ce,0x4d200d3e268b4a33a831e7ba58acdf93ea79a1e5,203,Defeated_Proposal
2023-01-09T02:14:23Z,0x974f34e8eca5607bf13f3ad61d1ac91cfdafbf3f033aa5273b5563c3469b4a06,0x17cd072cbd45031efc21da538c783e0ed3b25dcc,202,Defeated_Proposal
2023-01-02T20:33:59Z,0x134e90791b76f9f07238e59f549bbda60b07958b75102d99455e233763a72b36,0xcc2688350d29623e2a0844cc8885f9050f0f6ed5,201,Executed_Proposal
2023-01-01T10:45:11Z,0xcf1387a5404a8ca9cc5525c1d229d3be87754b1131784757f39b635c86ed797a,0x0bc607af865024efc70da2374e4552201725ade6,200,Defeated_Proposal
2022-12-30T12:16:35Z,0x46b518a94ebba03d99da6a80d544737f5959d6101aaf944d7089264fcc479309,0xaec4075e4fc8ce829bc4f0cfd5e2fa10dd2b12d1,199,Executed_Proposal
2022-12-27T03:39:59Z,0x9b31dbe3aa839cfaf17adf68e9bb7a84992b108f4c3cdbe7ed6f40cbd79be165,0x8b45d1caccb3593e9f1015ba8e97afb68de3a0d1,198,Defeated_Proposal
2022-12-22T18:49:35Z,0xb0fc1cb39fd0550a183f2a18416e95dd3d3bee36bf1f0636a6c1449a172395a3,0x008c84421da5527f462886cec43d2717b686a7e4,197,Executed_Proposal
2022-12-20T18:09:47Z,0x2b570e8d30c31fb88466f9598a61d31ce661dbcf389a0324cbd35c4931543d00,0x3b502b054715a8e0d8f657169615a88b2ccdd429,196,Canceled_Proposal
2022-12-20T16:46:11Z,0xf224449b8c273bba2cdd062626ca87504ef0ef7ad426e92295bd66e6e65ec150,0x5606b493c51316a9e65c9b2a00bbf7ff92515a3e,195,Executed_Proposal
2022-12-17T17:34:35Z,0x75ab49b83e9ef5ca65fb0b0751c7c42e7a63ae5d1dc6057b966fb396b0d1ef63,0xa86882277e69fbf0a51805cdc8b0a3a113079e63,194,Executed_Proposal
2022-12-16T22:09:23Z,0x22e454c8256d197f2923daffa91b3047f40e42784f39d2b2cf94e809191f2f32,0x83fcfe8ba2fece9578f0bbafed4ebf5e915045b9,193,Executed_Proposal
2022-12-16T18:22:11Z,0x21a4ba5116a4c180c5490c19b3c5b20e7e4c48f30131cec53b7b77a11120241a,0xe26d78c6bff297bbc2da3f80fea9a42028a4260f,192,Executed_Proposal
2022-12-16T05:08:11Z,0x5460f4c50aeb5a4de91e3b58114a8c295e8777d448cbb4812a45c2638a09c1bd,0xdcb4117e3a00632efcac3c169e0b23959f555e5e,191,Defeated_Proposal
2022-12-15T21:15:47Z,0xb6727caf1a028e3d22505530124873ebc17894228b56341ae026f086c1943a0b,0x9f4838f18104f4973aa0972a73a3f50bdebf86ba,190,Executed_Proposal
2022-12-14T01:49:47Z,0xa3443cb30d226354eda121b1b0e6b37c1aed8050f6013e141305a8b878c24db5,0x387a161c6b25aa854100abaed39274e51aaffffd,189,Defeated_Proposal
2022-12-13T17:26:11Z,0xb5d2894b2755d5cf73795d9a03a604880e3773ef926df3f4e700764a8f5d274c,0x1e66a3d0a6a327b1f29e8acf3a3d9e1e4e088683,188,Defeated_Proposal
2022-12-13T02:12:59Z,0x497f1fd766d9ca014cda9694f3ceb509bba53015e94417dc3b60ae0c5a1d8c38,0xcc2688350d29623e2a0844cc8885f9050f0f6ed5,187,Defeated_Proposal
2022-12-10T11:33:11Z,0x47fc3eda977b880fc632b1907b11b304ee92a548cb5cd7360297e95153954ed8,0xdcb4117e3a00632efcac3c169e0b23959f555e5e,186,Canceled_Proposal
2022-12-08T17:21:11Z,0x07a92b8f24710ac12aabec1e74ca53e82c9cdf6a6d29d08efe74694c72353598,0xa903c06bf35286f6d1cdad25396748353979a44c,185,Executed_Proposal
2022-12-08T16:59:23Z,0x737527b043841f7ef905c3351e8073f3bedc5a32f2ca1ac576995928e0c892b8,0xa555d1ee16780b2d414ed97f4f169c0740099615,184,Executed_Proposal
2022-12-07T21:25:47Z,0x58bd3298302909ee0a4fea90157bb42d96162af34e886b218ebaea9300dffd58,0x177751396d8236569c5c7b04232c7b7281a3b9f3,183,Executed_Proposal
2022-12-07T04:26:35Z,0xb6903e6cf93fd8e833746c5a35aa95736fd2c8f71d18a869eefac913b0342263,0xc2d4f2d86e9ff3415c7e0c3ee44c8819d25fe413,182,Executed_Proposal
2022-12-04T21:16:23Z,0xeb1a465aea0b4c2981e716fa3259651d53428009298ebb67fb0ab08813866e56,0x55b0a25d697647281553a177321dad0a0bf9a148,181,Executed_Proposal
2022-12-03T21:46:23Z,0x7d5eedd397c7b4f509a7ea808579268d2718858bbcbb379e96310bff7676f430,0x021edd67d43b365a6401a5ee704aa6f264f3f4e4,180,Executed_Proposal
2022-12-02T21:51:59Z,0x165913cbd105c6a12f20b3ace75fccb88eafee37002651d9243a5a060615b6d5,0xcc2688350d29623e2a0844cc8885f9050f0f6ed5,179,Executed_Proposal
2022-12-02T21:10:47Z,0x79d41eb31a2e5a64c2bbea6cea4674e3ca07de86d592edeb58985aca425cb223,0xa86882277e69fbf0a51805cdc8b0a3a113079e63,178,Executed_Proposal
2022-11-30T22:24:59Z,0x9f019b3102433bf7a1fd6b377c032c356301ec4c01685f4352f9fc613dc4ba11,0xa555d1ee16780b2d414ed97f4f169c0740099615,177,Canceled_Proposal
2022-11-24T05:27:35Z,0xa34bce921c2b25193c85e67229b4fa5328f8e4e2ea2ba8bb01ddfa1da865549b,0xcc2688350d29623e2a0844cc8885f9050f0f6ed5,176,Executed_Proposal
2022-11-24T03:34:23Z,0x5e819f90b6956d0689ff29b7cec3eaf0342379465a798d01fc85e53b6fc925fc,0x31a50fd42b910c635e4d25b63b7b90fad1451695,175,Defeated_Proposal
2022-11-21T15:58:23Z,0xc3b182116a41331520603c02be605d0286d1b63a459c4c2f05448ed4ae4270f5,0xdead753f9b1eb8f2f7372e8587e7c6e342daac89,174,Executed_Proposal
2022-11-17T18:21:11Z,0x739a5b224f55d4c531505ee1718a9817125641113aa325553ddd32feb7221fc2,0xc2d4f2d86e9ff3415c7e0c3ee44c8819d25fe413,173,Executed_Proposal
2022-11-16T17:29:11Z,0x2c0752fe12920b198431179c2b2f0101b3b794c76f53097242f2124621eb0dbb,0xe26d78c6bff297bbc2da3f80fea9a42028a4260f,172,Executed_Proposal
2022-11-14T20:38:23Z,0xadd05fe7e772f85a6feb48c0adaa64734cf828f6b1718d8c63c5abb25b31ed20,0x36a5bc205df1ed65c86301022cfc343a6ce546ff,171,Executed_Proposal
2022-11-13T22:18:23Z,0x7ee11e998a5c0c2e78d37a5b4d3c0cc6f3cedd34c409584b0665aa81694ceb15,0x5d802e2fe48392c104ce0401c7eca8a4456f1f16,170,Executed_Proposal
2022-11-10T09:09:11Z,0xe79e8ed55d5f6e918699a05b9971c8310c4a17e723887505cabedf64b50ef4bf,0x05a286e5165d72823a749b00b009a2af0dc36ff7,169,Executed_Proposal
2022-11-06T15:12:23Z,0xd4be747509d8b0d1d5fdee9bf7137227f5a5c7df8db51618038dec6c7279a789,0x55b0a25d697647281553a177321dad0a0bf9a148,168,Defeated_Proposal
2022-11-01T17:19:11Z,0x963637d8960013853c3d692e476d8f42a18aebd3b001c765886919db0119b19a,0xd1d1d4e36117ab794ec5d4c78cbd3a8904e691d0,167,Executed_Proposal
2022-10-28T16:14:23Z,0x9763af937ac0762e0e20866f3e3ecec74938422b3014ae4291b8535887b5d361,0x5d802e2fe48392c104ce0401c7eca8a4456f1f16,166,Executed_Proposal
2022-10-27T06:14:59Z,0x49550ff6350d11ff5cc8ee1bdff3c8ffc2e5c2f3159a3425d6fabb14bfaa71c0,0x44ddf107c7b920312a98f4753ba209443428c881,165,Defeated_Proposal
2022-10-26T12:05:11Z,0x33a332694f26369e99b4addf692fbdd978e60b819cf6e13632e587c3a3157633,0x387a161c6b25aa854100abaed39274e51aaffffd,164,Executed_Proposal
2022-10-24T20:20:23Z,0x00f6f2d455cee9a9d8ab4eba107535b5d1fc7723d28e51754559caf167a360f5,0xcc2688350d29623e2a0844cc8885f9050f0f6ed5,163,Executed_Proposal
2022-10-21T17:27:11Z,0xb95acfc2d12f3b1071900851ee3d988905966b47eac096121ce2a9da47b1d6e9,0x75ee6eb3d8dacf41ee2e5307090b197d3e1cca6e,162,Executed_Proposal
2022-10-20T23:19:11Z,0xbefa26c672ea4040e67594933cc384bd2803f4f2f32c28b59360c11b6b2cec97,0x4754b7e3dede42d71d6c92978f25f306176ec7e9,161,Executed_Proposal
2022-10-20T21:46:11Z,0x2cff051f3271877883858ccf26ccdf5655215be45970abcbc6bcb65c125480b3,0x4754b7e3dede42d71d6c92978f25f306176ec7e9,160,Canceled_Proposal
2022-10-20T19:32:59Z,0x5aae3c70bf8c0429f4d319a9bd894290a426d5a1f34309e69653deec7a4e1fe0,0x8321795bdace7428d4fadfa30c2ee8e727e491e5,159,Defeated_Proposal
2022-10-19T17:09:23Z,0xcbe415d38a7c86c06539c297cf2fd160bc3901b2ec2b0367481e64a21128c564,0xcc2688350d29623e2a0844cc8885f9050f0f6ed5,158,Defeated_Proposal
2022-10-18T15:26:35Z,0x9502586794b9c7d75d91fea37a93ce27eacef37039b8942b99d261e932ac4fd8,0xd44e9b676e74ae45c0a39150be771eb189bb2337,157,Defeated_Proposal
2022-10-18T03:58:11Z,0x1440be44ad98199f63e9e343c85a12192a50305eeb420054cbf109dc37355ce4,0x5d4df391f56f0d8f854434e52a15b10b6501129f,156,Executed_Proposal
2022-10-17T21:47:35Z,0xadfacf8b3da9c839ea10db2897f08a82df6df72e562702ae549115db2f438925,0x177751396d8236569c5c7b04232c7b7281a3b9f3,155,Executed_Proposal
2022-10-14T21:41:59Z,0x0e693e7db7ce42e64df02d2aa23c669155243278e71205b1ec1bd602eb98f2f9,0xc3fdadbae46798cd8762185a09c5b672a7aa36bb,154,Executed_Proposal
2022-10-13T20:46:35Z,0xe76301038315183ac9c3b8c6765773dc50c10d3a4873e7ed4f7a3821d8fcee18,0x8321795bdace7428d4fadfa30c2ee8e727e491e5,153,Canceled_Proposal
2022-10-11T11:29:59Z,0xed526a6a7d508f703b490300ba93293cc29d58015f6a28c8db6115d9d1b3a76a,0x05a286e5165d72823a749b00b009a2af0dc36ff7,152,Executed_Proposal
2022-10-05T15:03:59Z,0x86f45d98c37a30859bce5047923ba4b07f38174c6e24bf5eb5ac91f7b6749182,0x75ee6eb3d8dacf41ee2e5307090b197d3e1cca6e,151,Executed_Proposal
2022-10-04T17:14:23Z,0xface21ebfef31ada6ba2a6e666a0e770dbcc94afbe820bef7709eb5143391487,0x141b63d93daf55bfb7f396eee6114f3a5d4a90b2,150,Executed_Proposal
2022-10-03T23:51:47Z,0x006f204ae303673b4adb7e3c70a0b1f4b604670e559c9f1750df9843f8f1cda2,0xc3fdadbae46798cd8762185a09c5b672a7aa36bb,149,Canceled_Proposal
2022-10-02T03:11:35Z,0x538f03350ff6a9f905f4ab5814d809660da036c1074ccb5d4bad130d027a1833,0xc3fdadbae46798cd8762185a09c5b672a7aa36bb,148,Canceled_Proposal
2022-09-28T19:19:35Z,0xb2546e02330e01e71e8b795d7b843bd57a5c2a0c8a92dd54bb92f00983f94a4c,0xa86882277e69fbf0a51805cdc8b0a3a113079e63,147,Executed_Proposal
2022-09-28T19:18:23Z,0xfd937a6873b333eff761f1aa3b8e9c7679b3ff172ba4eead50951829ebf0696e,0x6223bc5fd16a19bcfae2281dde47861cfe1023ee,146,Defeated_Proposal
2022-09-27T21:03:23Z,0xe7fb46b029c518e8475356ddf35e38a08fbed85624c9b849d1d751cd928f0514,0x4754b7e3dede42d71d6c92978f25f306176ec7e9,145,Executed_Proposal
2022-09-27T20:00:35Z,0xdb4c6fcfd78635fdfc702d2cae6e01262849c0b8e2dfa78b5f3ac6757d49f275,0xcc2688350d29623e2a0844cc8885f9050f0f6ed5,144,Executed_Proposal
2022-09-19T11:26:11Z,0xd99e5de1e95a8b9eb4343e95ebace12813d978ee67fcb11937f648e3a8642020,0x021edd67d43b365a6401a5ee704aa6f264f3f4e4,143,Executed_Proposal
2022-09-17T22:57:47Z,0x643897a67d3e959b59ca8b9e93362ab6889ed2ec7d90ec22177dd27701fef8fc,0x0658f4ed17289144717713adffc2539ef7c2ef8e,142,Executed_Proposal
2022-09-15T00:52:28Z,0xb0b8a66285b76f8a22a4dc536dacb5a6ff28cc4154bae01914def7efb55f3b80,0xcc2688350d29623e2a0844cc8885f9050f0f6ed5,141,Defeated_Proposal
2022-09-12T20:16:29Z,0x314ce8abcac3147b44e7f1d4fd5238cb15310ae502409207b03fb6fe09172844,0x4754b7e3dede42d71d6c92978f25f306176ec7e9,140,Executed_Proposal
2022-09-08T00:48:32Z,0x026ca1107cddf565d3e00c3adc3e85bfca764fd8a5cc9a9be368f94f5aaa2dd7,0xcc2688350d29623e2a0844cc8885f9050f0f6ed5,139,Executed_Proposal
2022-09-07T18:05:21Z,0xf49ddb019aa5e7294ef414b6aa3c05fd721be4e5f168ddb3fa2501a0a028b31d,0x96c80ab80a920efd32485bc2fb9dfec601f357e6,138,Executed_Proposal
2022-09-06T18:25:27Z,0x794e09e2872f94dd84cb60decd8587750546632896374f6c0bf826c308834ec2,0x75ee6eb3d8dacf41ee2e5307090b197d3e1cca6e,137,Executed_Proposal
2022-09-01T21:45:28Z,0xe9ae9f606e20aab6b0126972fe3e4f77f66019f460642c4095202f204a3c4e7c,0xcc2688350d29623e2a0844cc8885f9050f0f6ed5,136,Defeated_Proposal
2022-09-01T05:47:49Z,0x99e8ba414717a8c4e5309832a9859c2ed3c598c30279752a54b4cfc89e2b5d93,0x1a4370fdd7173d0a41ff7c63a8e0249479ba0225,135,Executed_Proposal
2022-08-31T22:10:24Z,0xd2727ebd7017eb1a646b20e1274e20f1c0f7c38d2e866c4a8e3eb562798227dc,0xb47a70df538b9a3b591bc5d75da66a04c879b291,134,Defeated_Proposal
2022-08-20T07:47:54Z,0xf0ddebf1e9d270518b6d3bdb6252e411d37bb025eb9ac56e624baccd5e0c048d,0xbd7dbab9aeb52d6c8d0e80fcebde3af4cc86204a,133,Defeated_Proposal
2022-08-18T04:01:48Z,0x30df91e23da287a86c207805b8a11cbb3f1c3db547827c5f2e8d9c69d6ef8676,0x91dccaa260cc4616e1a6e6b693db7207c5e42937,132,Executed_Proposal
2022-08-17T16:43:45Z,0xa2a418c0000ccb369004fb2216f66406113043c0885b4101d798802af443db36,0x9e2a9bf0b7e5d2ed42ffe26c00ff9d5acd77a7fe,131,Canceled_Proposal
2022-08-15T07:22:34Z,0x79743856267bfa1fcd9baa8664ef56bdda4aa92c4f2906739c84b107a51e5c5f,0xa903c06bf35286f6d1cdad25396748353979a44c,130,Defeated_Proposal
2022-08-11T16:04:43Z,0x4b0c3bf6dc3c24d82cb65b7897f308d1903d480a7b34309ce96bc661bd0c01f6,0x3496f3600070cc01d9665d1057f6f39afc0fe149,129,Executed_Proposal
2022-08-09T23:55:28Z,0x188e39bab45f766c99496e6d6dece91086dc6185d0cb2d218c8515cce577ed0d,0x5d802e2fe48392c104ce0401c7eca8a4456f1f16,128,Executed_Proposal
2022-08-09T03:01:07Z,0x1ab876d015e762de4146293ebb5bbaf09f2d96531d05465f8265648901b4a956,0x91dccaa260cc4616e1a6e6b693db7207c5e42937,127,Canceled_Proposal
2022-08-05T11:37:27Z,0xdeced605671d2da65f8b77e6828ee9765dbe8134c282617207276759b37737b8,0x7dd5b92716542ab2442030df6d87cec437a51ded,126,Executed_Proposal
2022-08-01T14:17:08Z,0x83723063849ff08cfc0bec7f3625fc46e9b79a2b3d13402e16faac9c39cb4483,0x05a286e5165d72823a749b00b009a2af0dc36ff7,125,Executed_Proposal
2022-07-29T20:48:22Z,0xbaeaa7b00605c84c653cc14aa0ebee59e462239b066efe361f8b63fb40cca05f,0xf83e3eab14101737d1dc5298888e4895e17d261c,124,Executed_Proposal
2022-07-29T16:58:53Z,0x0a9614381d43bf21280e672d004ca243e201735bbc0f21331db79e99d61ce951,0xbd7dbab9aeb52d6c8d0e80fcebde3af4cc86204a,123,Executed_Proposal
2022-07-29T01:49:05Z,0x77c26be9b4239832fa0e60d5b7352599e28150a69796ac92529a6361fdeb99cc,0x8c2fc764a4ad45984792ad7680ed5e62f772a31f,122,Defeated_Proposal
2022-07-29T00:52:52Z,0xf95094f11db5ddc86956d8b7a422570cb8007c50c1cf2ab1705f009bb64f7626,0xcc2688350d29623e2a0844cc8885f9050f0f6ed5,121,Defeated_Proposal
2022-07-28T03:39:27Z,0x7bae79eb8ce01c239a85a19abdec8aa352646f34b524a96019d227e18dcbe7e0,0xea03523a90e5fc7e424ccef2b3e7d1ac3c90cdae,120,Defeated_Proposal
2022-07-27T20:25:11Z,0x029ff1a905bf40a7ee71a631c8ec02575f81f2521407cc81bdc22023195dac0b,0xdead753f9b1eb8f2f7372e8587e7c6e342daac89,119,Executed_Proposal
2022-07-26T21:04:09Z,0x928dce024b6f040b46a6491817fc3f250e5ea5f6d8f8f3120cfdf0e8150760fa,0x36a5bc205df1ed65c86301022cfc343a6ce546ff,118,Executed_Proposal
2022-07-26T14:56:32Z,0xeb942c138afcee8fd8f936ddb216aa307908337e6fae716312de6ee10cb5db7c,0x75ee6eb3d8dacf41ee2e5307090b197d3e1cca6e,117,Canceled_Proposal
2022-07-21T04:07:14Z,0xa1c98928ba1f3d68dc76b9aa876edf893b50a8931b4f3ecf15bde1eb75b998d3,0xbd7dbab9aeb52d6c8d0e80fcebde3af4cc86204a,116,Executed_Proposal
2022-07-18T22:37:07Z,0xb503cb75b66c65122240510f452b2f3cda09798475984f958aa2ed8fa88585af,0x17cd072cbd45031efc21da538c783e0ed3b25dcc,115,Canceled_Proposal
2022-07-15T19:26:46Z,0x2f70930054a5555d50457affbbe8d571eb66f8e955b7e6692c0a753d65df40b5,0xac56e6156c9c0c56b6d9a4e8388799f25d7feb86,114,Executed_Proposal
2022-07-15T15:31:06Z,0x28a7a007596298e69e1dc32a45dfd91b935cb352e644d8b61d08330e180bc0e3,0xa68fdb0c7ecdc404637c5c06bab82a7bf00609f3,113,Executed_Proposal
2022-07-14T00:36:00Z,0x2b1a2a8fc5988160cf904de066d84de96827babc4c362e04e31cd481200ee768,0xe3f27deff96fe178e87559f36cbf868b9e75967d,112,Executed_Proposal
2022-07-12T14:07:58Z,0x7cd47c3296836742d39a38acff1e329aa72548f97dbe5f8a9ce18e78c045b8cb,0x75ee6eb3d8dacf41ee2e5307090b197d3e1cca6e,111,Executed_Proposal
2022-07-11T22:30:08Z,0xfaa44576e31ab1f202c3d3e68f4216cdef43d4dd6dcec86c53ecc58835239002,0xce6404642bb08f897fce5317c1349656ca44f2d8,110,Executed_Proposal
2022-07-11T21:27:13Z,0xd1b3c160436f5b104d08e024028f94039524b067995953fa452b6d20720d9058,0xa86882277e69fbf0a51805cdc8b0a3a113079e63,109,Executed_Proposal
2022-07-10T16:59:15Z,0x67254b7d7f25df95c3dd9465ba8ec461d9db1bcdb6beedd1c325ae6ec57239c5,0x4c0a466df0628fe8699051b3ac6506653191cc21,108,Executed_Proposal
2022-07-08T14:24:32Z,0x29abefa875b0213d5c66c42a6bba56932ce49e7adf0e62d05fbd4fc74e944302,0xe5e4b1ec4061d6fc932207dfc5cf96bd27fb11da,107,Executed_Proposal
2022-07-06T18:25:53Z,0xd7c29c15f6758ea6c5d4ea2dd663c3e9e09d5aa013b802ea796af7eb13efad61,0x88f9e324801320a3fc22c8d045a98ad32a490d8e,106,Executed_Proposal
2022-07-05T04:28:51Z,0x8357ad705b4065085f61a15b39876d82a5e74f7d6f7b486bbd6058f9a63aee78,0xa555d1ee16780b2d414ed97f4f169c0740099615,105,Executed_Proposal
2022-07-02T05:58:06Z,0x3bc8709acd9b8535bbce85a1ea3a8dc2697d393da5f6560cb37bd843220a7633,0xbd7dbab9aeb52d6c8d0e80fcebde3af4cc86204a,104,Executed_Proposal
2022-07-01T21:03:06Z,0xef52e48db58363d8ceee3f3dd4187832da4572e131ff5ce6c0c0a2dbcac742d5,0xfc9e8db5e255439f430e058462360dd52b87cb4f,103,Executed_Proposal
2022-06-30T20:02:18Z,0x68cb00fc25e133e17991695145542d8f8a99cfe9a42fc04132023bc40e993ebb,0x75ee6eb3d8dacf41ee2e5307090b197d3e1cca6e,102,Executed_Proposal
2022-06-26T22:03:41Z,0x398b850352632a61256392cb1491e0f7857e9659e5ba012fdbe5ee86e7728135,0xf6c625851d48fe26b50d96b821a87efc7e35c222,101,Executed_Proposal
2022-06-26T16:07:18Z,0x412e5680ad5aaaacac7bc76ddd6257264545c4e8ad6a3a030214b4e30d9cf52d,0xcc2688350d29623e2a0844cc8885f9050f0f6ed5,100,Executed_Proposal
2022-06-22T14:57:56Z,0x25123063449d9492d01f501721b0a63a2a054f368da1d7554d096c7dff9a6f76,0x75ee6eb3d8dacf41ee2e5307090b197d3e1cca6e,99,Canceled_Proposal
2022-06-20T13:55:26Z,0x7f5b75c3ca44e8792fdceff84bd9049e4dc503f0f1ef109d1efa99702a3d786f,0x36a5bc205df1ed65c86301022cfc343a6ce546ff,98,Executed_Proposal
2022-06-17T03:29:30Z,0xbe32b5630eb51ef8a07a2e7d030d9d9732f19817f64e5fd529eb3ef3d0f9a9cf,0x91dccaa260cc4616e1a6e6b693db7207c5e42937,97,Executed_Proposal
2022-06-13T02:24:35Z,0x8e8543aeee504a49bb3775d99ba087397df2f6f4c6b1714669a339c231c4835e,0x5ca6a2e5f53a48616d4ead87ff6034fc032d4722,96,Canceled_Proposal
2022-06-11T00:52:08Z,0x18468451aa048ba1ab1f605a65f0d4e26c86e3753646321edb2c4710cd39eb51,0x36a5bc205df1ed65c86301022cfc343a6ce546ff,95,Executed_Proposal
2022-06-09T01:22:29Z,0x920a6375e349555a82bbf5648dda4b06c02e79b5785a38e6a1774beebc2a64ef,0x8321795bdace7428d4fadfa30c2ee8e727e491e5,94,Executed_Proposal
2022-06-08T21:22:16Z,0xe62c74265685efec2eb5520849f7a952570e11289a2b3caa0d343bb956802697,0xdb94daa8bf1b6f45b122f442f922a2c4dd2f7ade,93,Executed_Proposal
2022-06-07T17:41:57Z,0xf1f597930a45ba144b017896f7aab8b9eba06c156c9be9df3fa275e77e7fc019,0x83fcfe8ba2fece9578f0bbafed4ebf5e915045b9,92,Executed_Proposal
2022-06-07T17:36:42Z,0x8c34c6fa86db55ca3125e4a5c0c7b6150275ca8ac701ab569193840f7a0f80d2,0xcc2688350d29623e2a0844cc8885f9050f0f6ed5,91,Executed_Proposal
2022-06-06T23:23:34Z,0xe6c6184f184452195d4e98a7014ccfaff2e4afeb91f5e66f2fd8f02f1832ad5e,0x021edd67d43b365a6401a5ee704aa6f264f3f4e4,90,Executed_Proposal
2022-06-04T14:33:56Z,0x79925222064db2d3b878a66e54ca24273dabb2af147beed88c033f84c8d4004d,0xa86882277e69fbf0a51805cdc8b0a3a113079e63,89,Defeated_Proposal
2022-06-02T23:49:41Z,0xf1288d0d7081f196d57077ffe24e0d44e984659b305393b0d96fe4ecd7d44819,0x6f9e3976fa3b5b22761fe5d635e1f0d9d9aeb85d,88,Canceled_Proposal
2022-05-29T23:11:36Z,0xfd41f054388c4448553f7980b0fec4cd13ef0f04e5c5e0471bcb5be91344d495,0xa86882277e69fbf0a51805cdc8b0a3a113079e63,87,Executed_Proposal
2022-05-27T16:51:39Z,0xaf0fa2f489594102c0c9e6892070e31390b94386a2b348bcea7b505a9f42ad67,0x4754b7e3dede42d71d6c92978f25f306176ec7e9,86,Defeated_Proposal
2022-05-26T17:11:40Z,0x536e9917f22ff13353bd334e0413203399c9200789db8c1eea18dfc88b6c8832,0x75ee6eb3d8dacf41ee2e5307090b197d3e1cca6e,85,Executed_Proposal
2022-05-26T15:48:41Z,0x84b283257491e9609827e4263ce3b49fb89cb002fc74d05ebd545b4017dc88f1,0xdb94daa8bf1b6f45b122f442f922a2c4dd2f7ade,84,Executed_Proposal
2022-05-20T17:25:52Z,0xefa43eb12c955cd2d0192aa01aeed6177a050f44d4cc32a6b9b89df945839aec,0x32d1a53f6709a03f4b6cf4cb0501204ba188d4f5,83,Executed_Proposal
2022-05-19T11:10:11Z,0x69ba22f70abdabf4efc6e637556b1415de02faf28b4b4431597598a21ee7d1c3,0xf6c625851d48fe26b50d96b821a87efc7e35c222,82,Executed_Proposal
2022-05-18T20:48:48Z,0xa4450914275a48b52670176ccdcfa9e9db895504052db72641bc57300533c13a,0x4754b7e3dede42d71d6c92978f25f306176ec7e9,81,Defeated_Proposal
2022-05-18T18:09:17Z,0xcd6c9ac5e22e8f8c642096f9253bfa2580901763a1ec9d06944656f666639e62,0x4754b7e3dede42d71d6c92978f25f306176ec7e9,80,Canceled_Proposal
2022-05-18T17:32:38Z,0xd9c6df138a2a72bae767ddae81b46edbdd5d410c28d8b93d2c9c25614e5f2d53,0x4754b7e3dede42d71d6c92978f25f306176ec7e9,79,Canceled_Proposal
2022-05-17T19:49:38Z,0xe5920741e23cc3ba037af9204dfaaba07ceb64fe7516de048183c1ffc9a38e0b,0xf8a065f287d91d77cd626af38ffa220d9b552a2b,78,Canceled_Proposal
2022-05-17T00:35:24Z,0xc6013ef7a0a45909dd0456fda8d15038b5bffc09d6e4c8b0a726c3a3e6c4227b,0xcc2688350d29623e2a0844cc8885f9050f0f6ed5,77,Executed_Proposal
2022-05-16T16:55:33Z,0xa6c88afb3cbe0445f6e4b08def1070c4c4355f94908b142ba169be2efeb628e1,0x4754b7e3dede42d71d6c92978f25f306176ec7e9,76,Canceled_Proposal
2022-05-12T03:12:02Z,0x120be7c29ed00b927dde4fe452b2305e4aa4f1c468253584f44a355d294143ee,0xa4e232fceedb3f43c8e707f8cf20b6bcf30f10e1,75,Executed_Proposal
2022-05-10T16:27:38Z,0xcbc7733e2d69f3808f04885e9d16e236cad1ab4517f6fc0f74302a5e181b32d2,0x91dccaa260cc4616e1a6e6b693db7207c5e42937,74,Defeated_Proposal
2022-05-09T18:51:54Z,0x23cc050ec31e3e7937a447330c2dc73262d360aafeb93d1c7d698ab5ea8aeba5,0x83fcfe8ba2fece9578f0bbafed4ebf5e915045b9,73,Executed_Proposal
2022-05-05T13:22:50Z,0xfb6747958d0811f2e416d9b875a6c2bf2c6e502ab168d79f70ee2424adc3b6dd,0x008c84421da5527f462886cec43d2717b686a7e4,72,Executed_Proposal
2022-05-03T22:18:57Z,0x5a9645c8eb15076f701de2d4e82e5ecd7ad383bae8c9a3c979a2eed5c63ea580,0xf8a065f287d91d77cd626af38ffa220d9b552a2b,71,Executed_Proposal
2022-04-25T04:09:52Z,0x9951f1d3ab8b1755249157f5487a2d4a13d26a37ee4b62f64b5202905a7dbdb1,0xbd7dbab9aeb52d6c8d0e80fcebde3af4cc86204a,70,Executed_Proposal
2022-04-24T21:48:03Z,0xfa3e7d3b2ca0068f0d38c5c12df6c8510bd3777661cb1d111173b54927e3f9f6,0xb47a70df538b9a3b591bc5d75da66a04c879b291,69,Executed_Proposal
2022-04-24T21:38:21Z,0x6abdde2e3585df151f56225c527d0d26ac00e0abf1abce7825de159fce724934,0xf8a065f287d91d77cd626af38ffa220d9b552a2b,68,Executed_Proposal
2022-04-23T16:41:24Z,0xc6c0f1fc36d68a348fb2bd9965132ee49c6788cc98aaab26f32b7d725c5ec21d,0xcc2688350d29623e2a0844cc8885f9050f0f6ed5,67,Executed_Proposal
2022-04-22T23:33:08Z,0x1f6e5073437c628f0c148f9040a03c38f3ffa3f777680afa61613e05b09d898d,0xcc2688350d29623e2a0844cc8885f9050f0f6ed5,66,Canceled_Proposal
2022-04-22T20:42:04Z,0xeee2eeb8a6d4624f8b51aa9fa67556f5211e661e36c8ceb4250b5c18d2fb14f9,0x17cd072cbd45031efc21da538c783e0ed3b25dcc,65,Executed_Proposal
2022-04-22T17:20:09Z,0xbfae76c991c354ddd0c4c28c2e389ff5d05cd32b73212b2ff2ed2ae4fabd2103,0xf6c625851d48fe26b50d96b821a87efc7e35c222,64,Executed_Proposal
2022-04-22T02:03:48Z,0xcc810ab8123b90c7cc9a9d28a1b166938eaeef7b0b5d120df8ce9a295c50cbe2,0x880f450841e67c786ad3b0b3644b26d2680b7c8c,63,Executed_Proposal
2022-04-18T19:38:31Z,0xb70e3b648344a0ad9086f68c7325d07bc7750a46da94e79c28b0a38f608390cb,0x6f9e3976fa3b5b22761fe5d635e1f0d9d9aeb85d,62,Executed_Proposal
2022-04-18T16:43:41Z,0x263482ce7761dd2cd169cd209290f1942abb9c5d377c6a5cfda642219b2b821b,0x353224270c2c9a7ecce7d8dba98a61587da6f50a,61,Executed_Proposal
2022-04-18T13:33:14Z,0x3d26f2bf96b3e5b1058f176541d1ab156a2d926767897e1fb509cad9e5c00742,0x5ca6a2e5f53a48616d4ead87ff6034fc032d4722,60,Defeated_Proposal
2022-04-14T21:23:03Z,0x6044764273691b95558a03f45ab98058721740aa012549c740fbb29361265f2c,0x8e71c9644898665a91e4db3dee8bdde97b3c71bc,59,Defeated_Proposal
2022-04-14T16:18:25Z,0x1a9b6076a439ddd4003411ee723f3f2a6d6ef2761d7bf8e6b0d89f7ff178aa96,0x83fcfe8ba2fece9578f0bbafed4ebf5e915045b9,58,Canceled_Proposal
2022-04-14T00:25:33Z,0x6d99346b24eb1a41bf66d6043e31dcdd893c488c42043534b64e1890dedf2447,0x2573c60a6d127755aa2dc85e342f7da2378a0cc5,57,Executed_Proposal
2022-04-12T22:29:00Z,0x7a7ff71af20d378e0917105b1916aea218456f20bd3e9c81730a0881b5a237dd,0xbd7dbab9aeb52d6c8d0e80fcebde3af4cc86204a,56,Executed_Proposal
2022-04-11T20:17:07Z,0xb4531c7cff059cff866deb51da301e061a8db94347bc474cb933b2986c62a648,0x3f58588b59da010031dd8a355dcd7de229663ebf,55,Defeated_Proposal
2022-04-11T18:12:34Z,0xc2825b2f7a621f458e35c03e9d448cc37577ece40f9ccc6fc04ead2dbd15af57,0xf8a065f287d91d77cd626af38ffa220d9b552a2b,54,Executed_Proposal
2022-04-09T06:05:03Z,0x14bbe83fc56c60d953dbc4f58d3cf1a7020146957f8c3b460226e2344b62bc7a,0x91dccaa260cc4616e1a6e6b693db7207c5e42937,53,Executed_Proposal
2022-04-08T18:09:19Z,0x0d618f29cc305899112ef581243edcee57d65fe3076c9cc833f4f9175db1e648,0x4754b7e3dede42d71d6c92978f25f306176ec7e9,52,Executed_Proposal
2022-04-08T07:09:28Z,0x1d06996dda2a07a5cd2c4c7bc97927fe6717c511f3f2b9d53ae020b25c108189,0x387a161c6b25aa854100abaed39274e51aaffffd,51,Executed_Proposal
2022-04-04T19:44:50Z,0x7e946346a2a6e460c867a7008ff880e9b8b83dbf4717fc33f91bf3161d2b03b9,0x8e71c9644898665a91e4db3dee8bdde97b3c71bc,50,Canceled_Proposal
2022-04-02T14:05:43Z,0x774725516bb994914f54537168d2f710d3e4c2b0cbd7f9ae0e0e5117f3dc41de,0x4754b7e3dede42d71d6c92978f25f306176ec7e9,49,Executed_Proposal
2022-03-31T18:10:21Z,0x3fd63190d0589babdf2f185da51adb7cecc07581c723b6e67633d642bc6b3635,0xd44e9b676e74ae45c0a39150be771eb189bb2337,48,Executed_Proposal
2022-03-31T00:09:00Z,0xe74ef8de3811a5236a4cd2d0faa6be4ea17d8acbccb8a4151c24c13f0316cde7,0x1977c4b06a76c160eff920c67fbc0635124364c8,47,Executed_Proposal
2022-03-24T19:37:36Z,0x4e9ccc2c8203d6f0a12b0af03c06edd6dbaf72a3ccce3d390a4bc98530fceab7,0x17cd072cbd45031efc21da538c783e0ed3b25dcc,46,Executed_Proposal
2022-03-22T23:28:36Z,0x0ad62eb61a3a578f123429abeccc26fe5cd47394cb5244615d9bd2b8b562f105,0x75ee6eb3d8dacf41ee2e5307090b197d3e1cca6e,45,Executed_Proposal
2022-03-17T04:55:37Z,0x3f07d79f13dcf8a8271755247aaee9e60a894dccc14f410905135bf832ff1585,0x1977c4b06a76c160eff920c67fbc0635124364c8,44,Executed_Proposal
2022-03-09T20:05:02Z,0xdb66356e6753578c338f0a7ae44f944d4e127c35ae2443d9271c911359852ea4,0x75ee6eb3d8dacf41ee2e5307090b197d3e1cca6e,43,Executed_Proposal
2022-03-03T19:05:55Z,0x380d48464d21d500f843db10a66c1dad73d9de3c330e15b25b7417ccbb11e9b4,0xd3e2e76e4ab0322614fe7aaa3be0b04bed83d0d0,42,Executed_Proposal
2022-03-01T21:09:08Z,0x4e14654a50e02d7c1e9dd8f4cf895d764c5e449931bf8531e2ab4944845f354c,0x36a5bc205df1ed65c86301022cfc343a6ce546ff,41,Executed_Proposal
2022-02-25T05:22:23Z,0xa5640d060e9d7ac13f74eefbfdbe140f14b85bc22590f584b479ef7d9ef86511,0x91dccaa260cc4616e1a6e6b693db7207c5e42937,40,Executed_Proposal
2022-02-15T18:44:34Z,0x5a32fb79b586f065cf8db481ebc289e8cb12eb1b6ed2848168a85cf01623d26e,0x83fcfe8ba2fece9578f0bbafed4ebf5e915045b9,39,Executed_Proposal
2022-02-11T16:47:37Z,0xd635f1ae2e50cd38771e61f6e540518af04cf28f656b92d6bcc860b305d2c4a5,0x75ee6eb3d8dacf41ee2e5307090b197d3e1cca6e,38,Executed_Proposal
2022-02-03T03:27:40Z,0x5a558002bb3d6fecd20f2523f7f39e4ce4cdbb46c0aed6b9ed719c3919733453,0x32d1a53f6709a03f4b6cf4cb0501204ba188d4f5,37,Executed_Proposal
2022-01-24T15:04:47Z,0x873936631a24d96db04ad3ea332ff62bcabfaeea81331a2b26620e5237867994,0x75ee6eb3d8dacf41ee2e5307090b197d3e1cca6e,36,Executed_Proposal
2022-01-19T19:50:46Z,0x7cb3ebf4afbec0a261a627c50008017d7aa487be4b2df315a70b41b337fe5755,0x37b8e20646d174b00198b7e183dd1f25520c0f60,35,Executed_Proposal
2022-01-11T21:42:49Z,0x3d4df54c857cc013e0bdadb0cf25cbaacb0306834957f8e786fed4c2fab38493,0x75ee6eb3d8dacf41ee2e5307090b197d3e1cca6e,34,Executed_Proposal
2022-01-11T17:18:50Z,0x396f8e362ade1a31736995d389bf705b8e4127b5e4378b8dd2ac47f18d2b7add,0x2573c60a6d127755aa2dc85e342f7da2378a0cc5,33,Executed_Proposal
2022-01-05T20:50:37Z,0xf791ca65ccbc55c5ea749e9d2fc73115a6cc6723aeb8529dc907833c9a425763,0x83fcfe8ba2fece9578f0bbafed4ebf5e915045b9,32,Executed_Proposal
2022-01-05T15:20:20Z,0xcb0cc25e7d2c6482f016fde5d6f128fc4592257451dd05ca58b60d155972716c,0x75ee6eb3d8dacf41ee2e5307090b197d3e1cca6e,31,Executed_Proposal
2021-12-27T21:31:36Z,0xda7c68a221e8b71e2e6890326379b2189b4671df8b2d74f53efefc23b5c90324,0x4754b7e3dede42d71d6c92978f25f306176ec7e9,30,Executed_Proposal
2021-12-25T15:41:54Z,0xc4d74b6b50888283126768e3b085749225f652a4dda03f096eca81d35b30d805,0x83fcfe8ba2fece9578f0bbafed4ebf5e915045b9,29,Defeated_Proposal
2021-12-13T14:53:18Z,0xb572f919746236dfc74b3dfa322cabe738c75e96cd45c7165bfcf097a32ee967,0x01db485f57dc000e761b85641f78c9d212a2eeab,28,Executed_Proposal
2021-12-06T02:26:01Z,0xe9e897067c64b989130686fd69f89860776fa16c4ea0a28288bbe7cc2854c644,0x3dbdf1a202d21aac3309d91dacfcef84b8873f7a,27,Executed_Proposal
2021-12-03T07:18:15Z,0x5d8ba53362cd3ffde04972bd2d24522516b58a0c3ee840d3d583661898aa699a,0x01db485f57dc000e761b85641f78c9d212a2eeab,26,Executed_Proposal
2021-12-02T02:39:07Z,0xf6bcd6ac31d427fd0a5b2db7f6c990c7d5fc0e5f9f31f77fc1164fd77994fcce,0x83fcfe8ba2fece9578f0bbafed4ebf5e915045b9,25,Executed_Proposal
2021-12-01T15:00:43Z,0x9ef368d4a7b14f75092c403d3b8b35265be0998c162267ed5c9d5b0670eba80e,0xae7f458667f1b30746354abc3157907d9f6fd15e,24,Defeated_Proposal
2021-11-30T03:15:16Z,0x9f762d0b9f97a308f584363a354ba483c757935c13245df305019230fc31d72b,0x2573c60a6d127755aa2dc85e342f7da2378a0cc5,23,Executed_Proposal
2021-11-25T02:10:32Z,0xc30954e5df8481537a949062e020b8a84fa51c12c9ae576a70aea515250dc1ab,0x4680cb63563472cac10236c07d288580d8d7b52a,22,Executed_Proposal
2021-11-23T22:08:29Z,0x34b85ce97fa51b6f7d474ab726efce0520cf0aaf61de2332e00e9e6d48d0a936,0x75ee6eb3d8dacf41ee2e5307090b197d3e1cca6e,21,Executed_Proposal
2021-11-22T18:10:28Z,0xbfe145c856bd867a84475dde344600ad909e70e069dc1072f7d3f555713cfce2,0xae7f458667f1b30746354abc3157907d9f6fd15e,20,Executed_Proposal
2021-11-21T19:42:52Z,0x68545c43a2b609dab568ad2cee1555eee334aa0d145d763f281992e58caca077,0x008c84421da5527f462886cec43d2717b686a7e4,19,Executed_Proposal
2021-11-16T03:21:01Z,0x2a510fc1f47b63ae7ff0f36e51b7fbf2fffc535185d7bb5130a2dd7110b72fc2,0x4680cb63563472cac10236c07d288580d8d7b52a,18,Executed_Proposal
2021-11-15T21:46:50Z,0x4e11d00ebd4216631ab5ca9e381ead85910802f56641748f1b5372ecdfae6c4a,0x75ee6eb3d8dacf41ee2e5307090b197d3e1cca6e,17,Executed_Proposal
2021-11-05T05:55:54Z,0xac8815a276cc8233dca3d7c3c7b9247e7f2fe46200ba7653f67d9c19177cccad,0x01db485f57dc000e761b85641f78c9d212a2eeab,16,Executed_Proposal
2021-11-04T19:50:21Z,0x47ac88407dbcce2cd49e3145ad9abe65faa8a907b30d4515318e59ceb87ff45b,0x3dbdf1a202d21aac3309d91dacfcef84b8873f7a,15,Executed_Proposal
2021-10-27T13:27:37Z,0xa7925d4ee4f6f01183815243cdb93ad14ff5d6522bbf644a25165fb189a70b2a,0xf476cd75be8fdd197ae0b466a2ec2ae44da41897,14,Executed_Proposal
2021-10-19T20:37:54Z,0xc86c561060695a37948c4a25fb0129a2fca2eea21b652376d19850bde728f94c,0x75ee6eb3d8dacf41ee2e5307090b197d3e1cca6e,13,Executed_Proposal
2021-10-19T09:13:19Z,0xf69b66639499c09a1cd6dab8a1d7da4068b7da9d0c0f9fd7dd459f268f8015bb,0xae7f458667f1b30746354abc3157907d9f6fd15e,12,Executed_Proposal
2021-10-08T20:55:01Z,0x72d8a983f6bb0de83058b2468200cd5d6147f3f445d62fd0bc0f413bb0446403,0x6f9e3976fa3b5b22761fe5d635e1f0d9d9aeb85d,11,Executed_Proposal
2021-10-07T18:21:20Z,0x5980b2e6058fb5ad3b15d6969428c46687729b2f7c2c26a41cf5f12dcec74c02,0xf476cd75be8fdd197ae0b466a2ec2ae44da41897,10,Executed_Proposal
2021-09-29T18:00:54Z,0x046ab2c53576afdb803899d4aa5a581d0e5b29dc35be9813696f5ebe952f7f90,0x008c84421da5527f462886cec43d2717b686a7e4,9,Executed_Proposal
2021-09-24T19:40:11Z,0xee87c52bf1c5fc3d707cdac1b2761a46d90e8747bd821ea4ddcb62012f06831b,0xae7f458667f1b30746354abc3157907d9f6fd15e,8,Executed_Proposal
2021-09-21T13:16:18Z,0x8d59cd8d970b955dac883d9a14b199e701b6e62c158532069ae4c92604daf0b3,0x2573c60a6d127755aa2dc85e342f7da2378a0cc5,7,Executed_Proposal
2021-09-19T14:42:39Z,0xefd00b80826f8935c29b404ddfa2e1d0baa2a6b3433a5816700c92925954245d,0xd049b3064990869c9f73bd7896271d83325d2067,6,Executed_Proposal
2021-09-14T15:58:49Z,0x3ea28165b08cecbf2e7a2e053a11662c1c0aae62a93fe17b404f9319db4e30d8,0x2573c60a6d127755aa2dc85e342f7da2378a0cc5,5,Executed_Proposal
2021-09-03T16:09:54Z,0xe18f59c5066bed6902db562d3671899bf83a740c27c1d932882288397f3834a5,0x2573c60a6d127755aa2dc85e342f7da2378a0cc5,4,Executed_Proposal
2021-09-01T20:43:29Z,0xe71991fa2f6c3f282a61d1e90465058c9ee5627dcdfa7a9c7ec8a3c8b181d77d,0x912a526852527dfb5d44c22a15b708aa493cda6b,3,Executed_Proposal
2021-08-25T14:09:25Z,0x5c987a70a2c837dec3f02a816b9a9e5483e2da1bc9c678a73a4e8dcb91e495ee,0x2573c60a6d127755aa2dc85e342f7da2378a0cc5,2,Executed_Proposal
2021-08-19T17:25:04Z,0xf925293753278f8e30da5784cc7fbfa18c7442a4b3d539ad296988a3786c1989,0x2573c60a6d127755aa2dc85e342f7da2378a0cc5,1,Executed_Proposal
